Date,Store ID,Product ID,Category,Region,Inventory Level,Units Sold,Units Ordered,Demand Forecast,Price,Discount,Weather Condition,Holiday/Promotion,Competitor Pricing,Seasonality
2024-01-01,101,1001,Clothing,West,176,65,79,63,350.62,10,Sunny,No,365.21,Winter
2024-01-01,101,1002,Electronics,North,168,78,78,70,286.91,20,Cloudy,No,266.22,Winter
2024-01-01,102,1001,Clothing,North,144,49,91,52,381.41,0,Cloudy,No,377.63,Winter
2024-01-01,102,1002,Clothing,West,129,57,86,50,457.9,15,Sunny,No,427.99,Winter
2024-01-01,103,1001,Clothing,South,169,45,63,46,405.47,20,Rainy,No,396.97,Winter
2024-01-01,103,1002,Electronics,South,184,78,74,84,189.82,15,Sunny,No,181.14,Winter
2024-01-02,101,1001,Electronics,North,206,54,75,54,283.32,20,Cloudy,No,277.36,Winter
2024-01-02,101,1002,Grocery,East,195,38,56,32,497.07,20,Rainy,Yes,533.17,Winter
2024-01-02,102,1001,Clothing,North,207,41,67,37,478.32,10,Cloudy,Yes,498.72,Winter
2024-01-02,102,1002,Clothing,East,189,55,93,60,372.21,0,Rainy,Yes,343.02,Winter
2024-01-02,103,1001,Clothing,East,172,61,71,57,262.18,20,Sunny,No,240.0,Winter
2024-01-02,103,1002,Electronics,South,159,36,62,29,430.96,0,Rainy,No,415.82,Winter
2024-01-03,101,1001,Electronics,South,158,56,66,60,537.33,10,Sunny,No,512.55,Winter
2024-01-03,101,1002,Grocery,West,163,65,62,65,331.73,0,Rainy,No,345.81,Winter
2024-01-03,102,1001,Grocery,West,177,54,88,47,388.92,5,Cloudy,No,409.27,Winter
2024-01-03,102,1002,Clothing,West,199,42,56,38,434.54,10,Sunny,Yes,435.25,Winter
2024-01-03,103,1001,Clothing,West,190,69,53,63,514.28,15,Sunny,No,502.63,Winter
2024-01-03,103,1002,Grocery,West,160,51,65,52,266.07,15,Sunny,No,253.34,Winter
2024-01-04,101,1001,Grocery,West,183,72,60,79,531.0,15,Sunny,No,486.84,Winter
2024-01-04,101,1002,Electronics,North,187,49,59,54,396.93,10,Sunny,Yes,396.45,Winter
2024-01-04,102,1001,Clothing,South,152,54,83,46,394.14,10,Cloudy,No,401.22,Winter
2024-01-04,102,1002,Electronics,South,179,71,76,70,434.01,5,Sunny,No,433.36,Winter
2024-01-04,103,1001,Electronics,North,158,67,53,72,561.69,10,Sunny,No,614.11,Winter
2024-01-04,103,1002,Electronics,South,158,65,47,57,292.61,5,Cloudy,No,317.78,Winter
2024-01-05,101,1001,Clothing,South,214,46,57,54,531.9,0,Cloudy,No,564.81,Winter
2024-01-05,101,1002,Electronics,West,187,47,73,51,186.72,0,Sunny,Yes,182.87,Winter
2024-01-05,102,1001,Electronics,North,169,60,98,68,166.81,10,Sunny,No,182.33,Winter
2024-01-05,102,1002,Electronics,South,210,51,67,57,464.78,15,Rainy,No,492.22,Winter
2024-01-05,103,1001,Electronics,North,138,54,58,46,349.06,0,Sunny,No,365.67,Winter
2024-01-05,103,1002,Electronics,South,233,79,85,73,261.48,10,Sunny,No,240.13,Winter
2024-01-06,101,1001,Grocery,North,164,56,61,52,329.33,5,Rainy,No,297.41,Winter
2024-01-06,101,1002,Electronics,West,180,73,81,69,457.78,5,Cloudy,No,474.0,Winter
2024-01-06,102,1001,Grocery,East,185,47,77,50,323.75,0,Sunny,Yes,297.9,Winter
2024-01-06,102,1002,Grocery,South,167,65,73,64,323.43,5,Rainy,No,323.17,Winter
2024-01-06,103,1001,Clothing,North,213,47,76,42,229.85,0,Cloudy,No,223.97,Winter
2024-01-06,103,1002,Clothing,North,163,59,87,55,257.37,20,Cloudy,Yes,278.09,Winter
2024-01-07,101,1001,Electronics,East,180,75,80,83,174.07,20,Sunny,No,189.74,Winter
2024-01-07,101,1002,Clothing,West,182,56,78,62,187.48,20,Sunny,No,176.71,Winter
2024-01-07,102,1001,Grocery,North,190,81,71,78,187.85,20,Rainy,No,174.57,Winter
2024-01-07,102,1002,Grocery,West,140,60,71,59,318.42,0,Sunny,No,349.37,Winter
2024-01-07,103,1001,Electronics,South,214,52,39,50,345.5,20,Rainy,Yes,319.16,Winter
2024-01-07,103,1002,Grocery,North,188,78,57,70,456.47,15,Cloudy,No,418.39,Winter
2024-01-08,101,1001,Electronics,West,208,29,41,36,387.47,10,Cloudy,No,354.57,Winter
2024-01-08,101,1002,Grocery,South,168,67,61,73,354.54,20,Cloudy,No,322.31,Winter
2024-01-08,102,1001,Grocery,West,204,58,48,53,358.66,5,Sunny,No,393.54,Winter
2024-01-08,102,1002,Electronics,North,188,69,98,61,335.04,20,Rainy,Yes,364.56,Winter
2024-01-08,103,1001,Grocery,North,136,80,72,76,161.87,0,Rainy,No,150.55,Winter
2024-01-08,103,1002,Electronics,East,137,72,90,80,527.25,5,Cloudy,No,480.47,Winter
2024-01-09,101,1001,Electronics,North,187,63,92,59,490.69,10,Rainy,No,466.3,Winter
2024-01-09,101,1002,Clothing,West,158,63,59,55,452.27,5,Cloudy,No,454.11,Winter
2024-01-09,102,1001,Electronics,North,218,61,72,57,189.78,10,Cloudy,Yes,199.46,Winter
2024-01-09,102,1002,Grocery,South,217,73,83,71,211.37,15,Rainy,No,206.81,Winter
2024-01-09,103,1001,Clothing,North,176,70,73,76,328.44,5,Sunny,No,325.77,Winter
2024-01-09,103,1002,Grocery,North,191,33,78,29,591.01,20,Rainy,No,560.29,Winter
2024-01-10,101,1001,Electronics,West,156,64,62,58,543.44,10,Rainy,No,513.43,Winter
2024-01-10,101,1002,Grocery,North,167,47,85,48,229.65,20,Sunny,No,216.16,Winter
2024-01-10,102,1001,Clothing,West,122,60,68,66,432.56,10,Sunny,Yes,464.42,Winter
2024-01-10,102,1002,Clothing,South,184,60,58,66,391.47,5,Rainy,No,355.2,Winter
2024-01-10,103,1001,Grocery,South,155,70,70,76,163.71,5,Cloudy,No,150.77,Winter
2024-01-10,103,1002,Grocery,West,160,71,78,69,294.94,5,Sunny,No,300.46,Winter
2024-01-11,101,1001,Clothing,South,196,72,56,78,481.57,0,Sunny,No,520.06,Winter
2024-01-11,101,1002,Electronics,North,144,59,78,63,298.66,0,Rainy,No,290.62,Winter
2024-01-11,102,1001,Grocery,West,178,74,72,76,539.48,0,Rainy,No,585.81,Winter
2024-01-11,102,1002,Grocery,West,231,70,94,74,496.27,5,Cloudy,Yes,519.72,Winter
2024-01-11,103,1001,Clothing,East,186,82,66,84,569.41,20,Sunny,No,564.2,Winter
2024-01-11,103,1002,Electronics,East,229,61,99,54,295.06,5,Sunny,Yes,272.44,Winter
2024-01-12,101,1001,Grocery,South,164,88,66,84,523.78,15,Sunny,No,569.7,Winter
2024-01-12,101,1002,Grocery,West,192,61,93,60,522.57,20,Rainy,No,489.79,Winter
2024-01-12,102,1001,Electronics,South,147,67,65,68,326.6,10,Sunny,No,326.78,Winter
2024-01-12,102,1002,Clothing,East,188,67,66,60,394.6,10,Rainy,No,404.68,Winter
2024-01-12,103,1001,Grocery,North,169,49,77,47,407.92,20,Sunny,No,430.65,Winter
2024-01-12,103,1002,Grocery,North,171,74,63,67,493.11,10,Rainy,No,454.71,Winter
2024-01-13,101,1001,Clothing,East,168,75,63,78,497.35,10,Cloudy,No,518.85,Winter
2024-01-13,101,1002,Grocery,East,209,53,75,54,304.14,5,Rainy,No,304.5,Winter
2024-01-13,102,1001,Electronics,West,181,57,96,53,468.26,5,Cloudy,No,461.15,Winter
2024-01-13,102,1002,Electronics,South,184,67,71,69,352.88,20,Rainy,Yes,376.7,Winter
2024-01-13,103,1001,Grocery,West,152,45,78,51,174.64,0,Sunny,Yes,168.82,Winter
2024-01-13,103,1002,Clothing,South,201,43,35,45,565.33,5,Cloudy,No,534.19,Winter
2024-01-14,101,1001,Electronics,North,176,46,69,43,165.25,0,Cloudy,No,156.0,Winter
2024-01-14,101,1002,Grocery,South,181,44,47,52,582.48,0,Cloudy,No,582.74,Winter
2024-01-14,102,1001,Grocery,North,183,51,58,59,166.45,10,Rainy,No,167.37,Winter
2024-01-14,102,1002,Electronics,West,141,68,111,65,494.41,15,Sunny,Yes,519.45,Winter
2024-01-14,103,1001,Electronics,East,172,66,91,64,446.52,0,Cloudy,No,461.87,Winter
2024-01-14,103,1002,Clothing,West,166,61,77,53,400.52,5,Rainy,No,425.1,Winter
2024-01-15,101,1001,Clothing,West,153,56,60,57,188.48,20,Sunny,No,193.87,Winter
2024-01-15,101,1002,Clothing,South,193,56,73,52,303.82,5,Cloudy,No,289.73,Winter
2024-01-15,102,1001,Grocery,West,223,44,38,47,248.78,5,Sunny,No,248.15,Winter
2024-01-15,102,1002,Grocery,North,182,80,72,88,368.15,0,Rainy,No,350.32,Winter
2024-01-15,103,1001,Clothing,South,175,62,70,66,461.05,20,Rainy,No,490.1,Winter
2024-01-15,103,1002,Clothing,North,161,64,69,60,443.14,5,Rainy,Yes,422.2,Winter
2024-01-16,101,1001,Grocery,North,157,70,80,68,407.98,0,Rainy,No,371.01,Winter
2024-01-16,101,1002,Electronics,East,192,44,59,39,496.94,20,Cloudy,No,518.71,Winter
2024-01-16,102,1001,Clothing,West,136,66,101,62,367.69,5,Cloudy,No,334.7,Winter
2024-01-16,102,1002,Electronics,North,244,56,68,49,430.5,5,Sunny,No,422.99,Winter
2024-01-16,103,1001,Grocery,South,220,69,58,65,151.05,10,Rainy,Yes,145.45,Winter
2024-01-16,103,1002,Clothing,North,196,59,85,67,233.31,10,Sunny,No,242.28,Winter
2024-01-17,101,1001,Clothing,North,195,54,47,54,574.83,5,Cloudy,No,571.75,Winter
2024-01-17,101,1002,Clothing,East,161,59,64,57,283.81,5,Sunny,No,304.36,Winter
2024-01-17,102,1001,Clothing,West,202,54,48,58,184.63,20,Rainy,No,168.58,Winter
2024-01-17,102,1002,Grocery,West,190,66,41,70,431.65,20,Rainy,No,428.36,Winter
2024-01-17,103,1001,Grocery,North,150,54,108,57,592.84,5,Cloudy,No,621.01,Winter
2024-01-17,103,1002,Grocery,South,169,52,65,57,283.65,5,Sunny,Yes,256.3,Winter
2024-01-18,101,1001,Electronics,North,185,59,93,62,580.39,20,Cloudy,No,636.38,Winter
2024-01-18,101,1002,Clothing,West,186,48,83,52,595.13,15,Sunny,No,607.95,Winter
2024-01-18,102,1001,Electronics,South,181,41,62,49,580.77,20,Cloudy,No,582.89,Winter
2024-01-18,102,1002,Grocery,North,195,52,106,53,381.86,5,Cloudy,No,360.81,Winter
2024-01-18,103,1001,Clothing,West,142,62,93,55,355.84,10,Sunny,No,388.27,Winter
2024-01-18,103,1002,Clothing,South,187,81,75,80,569.22,10,Cloudy,Yes,591.5,Winter
2024-01-19,101,1001,Clothing,North,164,60,83,54,306.51,5,Sunny,No,307.81,Winter
2024-01-19,101,1002,Electronics,North,170,60,78,67,468.76,10,Sunny,No,479.88,Winter
2024-01-19,102,1001,Grocery,South,192,52,64,50,222.34,15,Sunny,No,200.39,Winter
2024-01-19,102,1002,Electronics,East,200,49,47,57,401.93,5,Rainy,No,363.22,Winter
2024-01-19,103,1001,Grocery,West,174,74,52,70,196.13,15,Cloudy,Yes,206.76,Winter
2024-01-19,103,1002,Clothing,East,174,55,97,60,588.07,20,Sunny,No,536.98,Winter
2024-01-20,101,1001,Electronics,East,208,54,61,47,273.13,20,Sunny,No,274.61,Winter
2024-01-20,101,1002,Grocery,East,166,68,83,61,497.77,15,Cloudy,No,543.89,Winter
2024-01-20,102,1001,Electronics,West,165,37,87,30,245.9,0,Rainy,No,244.58,Winter
2024-01-20,102,1002,Clothing,East,188,48,76,54,354.16,5,Sunny,Yes,321.05,Winter
2024-01-20,103,1001,Electronics,South,197,62,68,67,419.25,15,Sunny,Yes,431.95,Winter
2024-01-20,103,1002,Electronics,West,202,77,44,76,289.66,20,Sunny,Yes,283.43,Winter
2024-01-21,101,1001,Clothing,South,167,89,85,81,578.69,0,Cloudy,Yes,548.83,Winter
2024-01-21,101,1002,Electronics,South,240,46,69,38,401.84,5,Sunny,Yes,389.84,Winter
2024-01-21,102,1001,Electronics,West,172,47,96,53,240.07,15,Cloudy,Yes,259.09,Winter
2024-01-21,102,1002,Grocery,West,222,67,90,67,469.08,5,Rainy,No,467.62,Winter
2024-01-21,103,1001,Grocery,South,229,67,90,61,168.34,15,Cloudy,No,171.48,Winter
2024-01-21,103,1002,Clothing,North,172,65,102,70,301.6,20,Cloudy,Yes,281.19,Winter
2024-01-22,101,1001,Clothing,West,130,66,57,60,249.25,0,Sunny,No,260.57,Winter
2024-01-22,101,1002,Grocery,North,167,59,93,54,480.91,15,Cloudy,No,475.01,Winter
2024-01-22,102,1001,Electronics,East,224,58,45,61,322.73,5,Sunny,Yes,336.66,Winter
2024-01-22,102,1002,Electronics,East,188,53,65,57,346.72,15,Rainy,No,336.96,Winter
2024-01-22,103,1001,Clothing,North,187,46,75,39,536.09,20,Sunny,No,507.64,Winter
2024-01-22,103,1002,Grocery,North,176,58,84,65,383.9,5,Sunny,No,390.65,Winter
2024-01-23,101,1001,Clothing,East,142,44,45,47,363.58,0,Rainy,No,335.36,Winter
2024-01-23,101,1002,Electronics,East,178,74,69,70,571.47,20,Cloudy,No,621.06,Winter
2024-01-23,102,1001,Grocery,West,130,60,83,66,384.78,15,Cloudy,Yes,370.0,Winter
2024-01-23,102,1002,Clothing,West,156,64,79,63,586.46,0,Sunny,No,629.64,Winter
2024-01-23,103,1001,Clothing,West,157,66,69,74,523.89,0,Sunny,No,542.38,Winter
2024-01-23,103,1002,Grocery,West,195,84,52,91,443.05,5,Rainy,No,403.02,Winter
2024-01-24,101,1001,Grocery,North,188,59,74,63,279.91,10,Rainy,No,289.29,Winter
2024-01-24,101,1002,Clothing,North,194,65,80,65,292.74,20,Rainy,No,263.8,Winter
2024-01-24,102,1001,Clothing,West,143,46,93,38,256.89,0,Rainy,Yes,262.2,Winter
2024-01-24,102,1002,Grocery,West,207,49,93,54,375.2,20,Rainy,No,339.6,Winter
2024-01-24,103,1001,Clothing,South,141,46,91,49,364.51,10,Rainy,No,397.72,Winter
2024-01-24,103,1002,Electronics,North,173,38,75,40,321.03,15,Rainy,Yes,299.61,Winter
2024-01-25,101,1001,Grocery,South,238,65,77,59,411.42,5,Rainy,No,404.31,Winter
2024-01-25,101,1002,Clothing,East,176,62,67,65,231.65,20,Cloudy,Yes,234.77,Winter
2024-01-25,102,1001,Clothing,South,178,76,61,77,200.54,20,Rainy,No,204.29,Winter
2024-01-25,102,1002,Grocery,East,194,60,87,61,555.01,0,Sunny,No,580.76,Winter
2024-01-25,103,1001,Electronics,East,202,65,78,66,353.3,5,Sunny,No,378.94,Winter
2024-01-25,103,1002,Clothing,West,175,68,68,75,290.52,10,Cloudy,No,284.18,Winter
2024-01-26,101,1001,Clothing,West,244,58,57,56,476.03,10,Rainy,Yes,497.39,Winter
2024-01-26,101,1002,Electronics,West,139,79,78,84,269.2,20,Cloudy,No,262.04,Winter
2024-01-26,102,1001,Grocery,West,141,73,88,69,181.47,20,Rainy,No,171.7,Winter
2024-01-26,102,1002,Grocery,North,146,57,67,50,597.36,5,Cloudy,No,593.2,Winter
2024-01-26,103,1001,Clothing,West,162,61,55,68,334.27,0,Sunny,No,366.44,Winter
2024-01-26,103,1002,Electronics,North,121,67,62,66,159.01,15,Rainy,No,162.94,Winter
2024-01-27,101,1001,Grocery,West,172,62,72,59,221.69,20,Sunny,No,214.67,Winter
2024-01-27,101,1002,Grocery,East,141,58,52,58,379.38,10,Rainy,No,380.57,Winter
2024-01-27,102,1001,Grocery,South,200,59,71,53,453.44,5,Rainy,Yes,427.32,Winter
2024-01-27,102,1002,Clothing,South,166,58,84,52,228.09,5,Rainy,No,234.52,Winter
2024-01-27,103,1001,Clothing,North,184,57,106,62,228.68,10,Rainy,Yes,222.62,Winter
2024-01-27,103,1002,Grocery,North,192,56,70,60,571.4,15,Cloudy,No,538.95,Winter
2024-01-28,101,1001,Electronics,East,210,78,66,71,368.07,5,Cloudy,No,348.87,Winter
2024-01-28,101,1002,Clothing,West,164,77,65,84,461.23,0,Sunny,No,435.48,Winter
2024-01-28,102,1001,Clothing,East,154,65,77,61,548.97,20,Cloudy,No,584.93,Winter
2024-01-28,102,1002,Grocery,South,201,68,81,61,210.21,20,Cloudy,No,217.82,Winter
2024-01-28,103,1001,Electronics,North,150,65,84,69,589.14,5,Sunny,Yes,594.79,Winter
2024-01-28,103,1002,Grocery,West,209,54,67,49,539.1,15,Cloudy,No,527.72,Winter
2024-01-29,101,1001,Electronics,South,174,77,59,69,514.0,20,Rainy,Yes,555.3,Winter
2024-01-29,101,1002,Clothing,North,233,72,60,65,323.86,0,Cloudy,No,301.2,Winter
2024-01-29,102,1001,Clothing,West,223,61,66,63,446.57,10,Sunny,No,467.78,Winter
2024-01-29,102,1002,Clothing,East,146,61,55,63,586.84,10,Cloudy,Yes,539.7,Winter
2024-01-29,103,1001,Clothing,North,197,74,84,74,321.87,5,Rainy,No,294.14,Winter
2024-01-29,103,1002,Clothing,West,179,50,78,51,509.42,15,Rainy,No,517.82,Winter
2024-01-30,101,1001,Clothing,North,194,68,57,74,199.86,5,Sunny,No,201.86,Winter
2024-01-30,101,1002,Electronics,East,152,64,64,67,238.86,0,Rainy,No,256.12,Winter
2024-01-30,102,1001,Clothing,West,159,70,88,69,401.02,15,Rainy,No,382.52,Winter
2024-01-30,102,1002,Clothing,South,223,58,74,51,209.28,15,Cloudy,No,194.66,Winter
2024-01-30,103,1001,Clothing,North,135,48,82,42,283.9,10,Rainy,No,291.64,Winter
2024-01-30,103,1002,Electronics,East,164,70,77,71,401.12,0,Sunny,No,376.57,Winter
2024-01-31,101,1001,Grocery,North,200,64,86,69,427.19,10,Sunny,No,429.25,Winter
2024-01-31,101,1002,Grocery,North,185,49,73,52,485.58,0,Sunny,No,510.47,Winter
2024-01-31,102,1001,Grocery,West,210,58,53,64,351.87,15,Rainy,No,344.24,Winter
2024-01-31,102,1002,Electronics,North,222,60,58,61,428.82,15,Sunny,No,427.19,Winter
2024-01-31,103,1001,Grocery,South,184,53,93,48,173.76,5,Cloudy,No,185.06,Winter
2024-01-31,103,1002,Grocery,North,159,84,69,88,485.67,5,Cloudy,No,487.64,Winter
2024-02-01,101,1001,Clothing,East,172,49,56,57,419.2,10,Sunny,No,431.15,Winter
2024-02-01,101,1002,Clothing,East,226,69,53,76,230.21,15,Sunny,No,216.53,Winter
2024-02-01,102,1001,Electronics,East,181,64,77,68,463.95,10,Sunny,Yes,496.68,Winter
2024-02-01,102,1002,Grocery,West,165,49,50,45,366.41,20,Sunny,No,376.02,Winter
2024-02-01,103,1001,Grocery,South,183,61,63,56,156.03,15,Rainy,No,148.13,Winter
2024-02-01,103,1002,Electronics,North,174,55,75,62,317.04,5,Rainy,Yes,316.25,Winter
2024-02-02,101,1001,Grocery,South,202,30,81,32,583.53,20,Rainy,No,639.7,Winter
2024-02-02,101,1002,Clothing,North,199,56,51,52,404.4,10,Sunny,No,392.23,Winter
2024-02-02,102,1001,Grocery,West,159,51,73,59,591.23,20,Rainy,No,625.72,Winter
2024-02-02,102,1002,Grocery,North,234,73,84,78,356.24,0,Sunny,No,381.18,Winter
2024-02-02,103,1001,Clothing,South,230,54,96,57,178.02,15,Cloudy,Yes,188.21,Winter
2024-02-02,103,1002,Clothing,South,163,47,58,42,490.54,20,Rainy,No,485.76,Winter
2024-02-03,101,1001,Clothing,South,178,70,67,67,317.37,0,Cloudy,No,346.85,Winter
2024-02-03,101,1002,Clothing,North,182,98,48,98,409.92,20,Cloudy,Yes,442.46,Winter
2024-02-03,102,1001,Clothing,South,206,26,51,33,535.73,10,Cloudy,No,497.23,Winter
2024-02-03,102,1002,Electronics,West,166,62,62,58,479.69,10,Rainy,No,439.73,Winter
2024-02-03,103,1001,Grocery,North,186,62,77,66,592.85,20,Rainy,Yes,638.14,Winter
2024-02-03,103,1002,Electronics,West,150,60,66,56,401.89,0,Rainy,No,392.17,Winter
2024-02-04,101,1001,Electronics,North,174,65,74,67,555.58,15,Rainy,No,597.78,Winter
2024-02-04,101,1002,Grocery,North,139,54,72,46,257.94,15,Cloudy,No,270.78,Winter
2024-02-04,102,1001,Clothing,North,218,74,84,76,529.68,10,Sunny,No,511.15,Winter
2024-02-04,102,1002,Electronics,West,168,54,73,52,225.21,15,Cloudy,No,231.65,Winter
2024-02-04,103,1001,Grocery,West,228,61,54,55,493.42,20,Rainy,No,467.05,Winter
2024-02-04,103,1002,Clothing,South,187,51,81,48,451.83,10,Rainy,No,484.77,Winter
2024-02-05,101,1001,Clothing,South,201,33,61,38,563.13,0,Cloudy,No,585.58,Winter
2024-02-05,101,1002,Electronics,West,205,58,100,64,352.43,20,Sunny,No,318.06,Winter
2024-02-05,102,1001,Clothing,West,172,37,45,42,484.44,15,Rainy,No,493.47,Winter
2024-02-05,102,1002,Clothing,East,177,69,67,77,278.38,15,Rainy,No,279.57,Winter
2024-02-05,103,1001,Grocery,West,185,48,84,40,161.31,15,Rainy,No,164.6,Winter
2024-02-05,103,1002,Electronics,North,176,66,84,65,576.65,15,Cloudy,No,578.08,Winter
2024-02-06,101,1001,Clothing,North,158,57,102,50,272.21,10,Sunny,No,267.15,Winter
2024-02-06,101,1002,Electronics,North,182,57,62,56,257.49,5,Sunny,No,263.8,Winter
2024-02-06,102,1001,Grocery,West,143,29,107,26,534.36,0,Cloudy,No,511.37,Winter
2024-02-06,102,1002,Electronics,West,120,51,48,52,282.07,0,Sunny,No,300.02,Winter
2024-02-06,103,1001,Electronics,East,182,72,63,74,170.18,10,Rainy,Yes,166.43,Winter
2024-02-06,103,1002,Electronics,South,194,60,75,64,423.56,0,Cloudy,No,442.31,Winter
2024-02-07,101,1001,Electronics,East,193,69,82,61,355.31,5,Cloudy,No,373.16,Winter
2024-02-07,101,1002,Clothing,North,192,45,67,45,440.9,10,Rainy,No,409.06,Winter
2024-02-07,102,1001,Electronics,North,153,65,73,59,390.29,5,Rainy,No,386.3,Winter
2024-02-07,102,1002,Clothing,East,175,80,58,76,205.35,0,Sunny,No,211.6,Winter
2024-02-07,103,1001,Grocery,West,201,65,97,65,287.84,5,Rainy,No,284.97,Winter
2024-02-07,103,1002,Clothing,North,217,51,76,50,550.34,5,Rainy,No,571.08,Winter
2024-02-08,101,1001,Clothing,North,169,46,53,38,305.64,15,Rainy,No,314.01,Winter
2024-02-08,101,1002,Grocery,West,165,57,66,59,290.05,20,Rainy,No,300.97,Winter
2024-02-08,102,1001,Clothing,South,151,59,70,61,211.11,5,Rainy,No,207.49,Winter
2024-02-08,102,1002,Electronics,South,139,54,56,60,369.53,5,Sunny,No,360.28,Winter
2024-02-08,103,1001,Electronics,North,149,28,70,32,423.09,15,Rainy,No,393.82,Winter
2024-02-08,103,1002,Clothing,South,223,61,103,55,286.05,20,Sunny,No,296.2,Winter
2024-02-09,101,1001,Clothing,West,167,67,51,61,217.73,5,Cloudy,No,227.94,Winter
2024-02-09,101,1002,Electronics,North,153,61,51,57,478.87,15,Sunny,No,452.8,Winter
2024-02-09,102,1001,Grocery,South,224,63,64,71,456.34,0,Rainy,Yes,452.93,Winter
2024-02-09,102,1002,Grocery,East,179,63,75,60,414.93,5,Sunny,No,410.05,Winter
2024-02-09,103,1001,Clothing,East,184,68,90,73,355.19,15,Cloudy,No,376.97,Winter
2024-02-09,103,1002,Electronics,North,184,50,69,49,534.28,0,Sunny,No,487.53,Winter
2024-02-10,101,1001,Grocery,East,205,58,104,65,493.17,20,Cloudy,No,457.11,Winter
2024-02-10,101,1002,Grocery,North,155,62,49,55,300.03,10,Rainy,Yes,329.9,Winter
2024-02-10,102,1001,Electronics,West,192,71,80,63,181.06,20,Sunny,No,193.59,Winter
2024-02-10,102,1002,Grocery,East,160,66,73,66,475.42,15,Rainy,No,480.09,Winter
2024-02-10,103,1001,Grocery,South,227,73,59,66,507.53,15,Rainy,No,486.75,Winter
2024-02-10,103,1002,Grocery,North,160,64,55,63,281.63,10,Cloudy,No,266.2,Winter
2024-02-11,101,1001,Grocery,West,180,60,45,68,473.91,5,Rainy,Yes,491.22,Winter
2024-02-11,101,1002,Electronics,East,200,74,55,80,398.63,15,Cloudy,No,390.77,Winter
2024-02-11,102,1001,Grocery,West,200,66,60,74,380.01,5,Rainy,No,346.77,Winter
2024-02-11,102,1002,Clothing,North,200,41,56,43,522.02,10,Cloudy,No,529.52,Winter
2024-02-11,103,1001,Electronics,North,150,37,72,45,459.16,5,Cloudy,No,475.31,Winter
2024-02-11,103,1002,Clothing,North,169,65,60,67,449.87,0,Cloudy,No,429.08,Winter
2024-02-12,101,1001,Grocery,East,169,86,33,86,364.19,5,Sunny,Yes,383.68,Winter
2024-02-12,101,1002,Grocery,East,210,59,65,52,245.4,0,Rainy,No,231.45,Winter
2024-02-12,102,1001,Grocery,West,220,71,58,69,206.58,10,Sunny,No,205.26,Winter
2024-02-12,102,1002,Electronics,South,159,54,72,56,315.5,0,Rainy,No,300.84,Winter
2024-02-12,103,1001,Grocery,West,151,41,66,47,298.61,15,Sunny,No,326.29,Winter
2024-02-12,103,1002,Grocery,West,230,28,73,35,497.81,15,Cloudy,No,455.63,Winter
2024-02-13,101,1001,Electronics,South,146,41,66,33,482.56,15,Cloudy,No,487.23,Winter
2024-02-13,101,1002,Electronics,South,188,44,81,46,523.39,0,Cloudy,No,477.93,Winter
2024-02-13,102,1001,Electronics,East,160,51,95,54,176.03,5,Sunny,No,181.34,Winter
2024-02-13,102,1002,Clothing,South,201,58,99,58,242.24,5,Sunny,No,255.87,Winter
2024-02-13,103,1001,Clothing,North,186,46,77,52,223.75,10,Sunny,No,216.47,Winter
2024-02-13,103,1002,Electronics,South,187,73,96,73,460.5,5,Sunny,No,435.66,Winter
2024-02-14,101,1001,Grocery,South,166,58,85,63,184.31,5,Rainy,No,167.5,Winter
2024-02-14,101,1002,Electronics,North,174,50,51,53,553.95,15,Cloudy,No,593.15,Winter
2024-02-14,102,1001,Grocery,West,188,60,63,57,430.05,5,Cloudy,No,417.58,Winter
2024-02-14,102,1002,Grocery,West,159,40,93,47,589.79,20,Rainy,No,559.99,Winter
2024-02-14,103,1001,Electronics,West,209,76,73,79,155.45,5,Rainy,No,141.34,Winter
2024-02-14,103,1002,Clothing,North,167,45,77,44,513.72,20,Sunny,No,530.41,Winter
2024-02-15,101,1001,Clothing,North,163,55,81,47,170.21,20,Cloudy,No,178.87,Winter
2024-02-15,101,1002,Electronics,East,133,57,85,61,262.95,15,Rainy,No,249.3,Winter
2024-02-15,102,1001,Clothing,North,156,60,63,55,411.73,10,Cloudy,No,439.7,Winter
2024-02-15,102,1002,Electronics,South,174,68,53,66,530.63,20,Cloudy,No,530.37,Winter
2024-02-15,103,1001,Clothing,West,146,64,61,62,164.76,0,Rainy,No,164.99,Winter
2024-02-15,103,1002,Grocery,North,211,47,64,46,171.44,15,Rainy,No,171.98,Winter
2024-02-16,101,1001,Grocery,South,178,52,75,52,150.01,0,Sunny,No,141.03,Winter
2024-02-16,101,1002,Grocery,East,204,57,67,63,236.0,15,Cloudy,No,232.03,Winter
2024-02-16,102,1001,Clothing,West,214,67,57,74,555.87,15,Rainy,No,565.95,Winter
2024-02-16,102,1002,Grocery,East,165,48,73,49,469.19,10,Rainy,No,511.63,Winter
2024-02-16,103,1001,Clothing,West,199,40,84,37,501.33,0,Sunny,No,534.17,Winter
2024-02-16,103,1002,Clothing,North,207,69,84,66,564.45,5,Rainy,No,511.49,Winter
2024-02-17,101,1001,Electronics,East,152,67,81,71,576.19,0,Rainy,Yes,609.17,Winter
2024-02-17,101,1002,Electronics,South,162,73,91,75,527.55,5,Rainy,No,499.59,Winter
2024-02-17,102,1001,Grocery,East,194,70,77,62,288.98,20,Cloudy,No,267.69,Winter
2024-02-17,102,1002,Grocery,West,152,60,54,56,181.9,10,Cloudy,No,164.15,Winter
2024-02-17,103,1001,Electronics,South,183,55,43,57,236.14,15,Sunny,No,253.99,Winter
2024-02-17,103,1002,Clothing,South,144,64,78,56,278.59,0,Sunny,Yes,262.18,Winter
2024-02-18,101,1001,Electronics,West,178,61,80,66,501.45,20,Rainy,No,543.04,Winter
2024-02-18,101,1002,Electronics,West,179,70,65,71,230.71,5,Rainy,No,216.4,Winter
2024-02-18,102,1001,Clothing,West,189,43,58,37,242.4,0,Rainy,No,250.0,Winter
2024-02-18,102,1002,Clothing,North,182,60,75,58,227.45,15,Rainy,No,225.54,Winter
2024-02-18,103,1001,Electronics,North,158,61,90,58,262.9,5,Rainy,No,250.86,Winter
2024-02-18,103,1002,Grocery,North,205,71,74,63,202.68,0,Cloudy,No,220.48,Winter
2024-02-19,101,1001,Electronics,West,215,42,72,46,412.32,0,Cloudy,No,403.99,Winter
2024-02-19,101,1002,Grocery,South,170,53,76,50,589.65,0,Cloudy,No,541.61,Winter
2024-02-19,102,1001,Electronics,East,184,63,45,63,347.27,10,Sunny,No,361.22,Winter
2024-02-19,102,1002,Electronics,South,194,54,53,60,482.43,0,Sunny,Yes,522.1,Winter
2024-02-19,103,1001,Grocery,South,133,48,76,55,186.52,5,Cloudy,No,202.66,Winter
2024-02-19,103,1002,Grocery,West,144,43,73,44,381.12,10,Cloudy,No,375.59,Winter
2024-02-20,101,1001,Grocery,West,165,67,82,59,552.91,0,Cloudy,No,567.31,Winter
2024-02-20,101,1002,Clothing,North,200,55,54,54,349.15,15,Cloudy,Yes,371.83,Winter
2024-02-20,102,1001,Clothing,East,135,54,59,49,244.51,0,Rainy,Yes,240.05,Winter
2024-02-20,102,1002,Clothing,East,217,60,71,58,474.25,15,Sunny,Yes,514.52,Winter
2024-02-20,103,1001,Grocery,South,130,82,82,86,288.51,20,Sunny,No,313.96,Winter
2024-02-20,103,1002,Grocery,North,206,49,37,43,307.0,0,Rainy,No,297.47,Winter
2024-02-21,101,1001,Electronics,East,153,31,35,36,323.16,20,Sunny,No,338.18,Winter
2024-02-21,101,1002,Grocery,East,148,47,70,39,305.35,10,Rainy,Yes,313.57,Winter
2024-02-21,102,1001,Grocery,East,185,48,59,46,175.98,10,Rainy,No,180.07,Winter
2024-02-21,102,1002,Clothing,South,127,47,91,39,393.41,5,Sunny,No,379.84,Winter
2024-02-21,103,1001,Electronics,East,214,86,69,84,214.28,5,Sunny,No,231.24,Winter
2024-02-21,103,1002,Clothing,North,180,83,48,75,158.16,0,Cloudy,No,160.08,Winter
2024-02-22,101,1001,Clothing,West,204,77,74,69,359.27,0,Cloudy,No,361.54,Winter
2024-02-22,101,1002,Clothing,North,213,81,70,81,547.15,10,Rainy,No,580.37,Winter
2024-02-22,102,1001,Electronics,North,181,59,82,54,531.57,15,Sunny,No,532.99,Winter
2024-02-22,102,1002,Clothing,South,161,33,68,38,317.64,10,Cloudy,No,288.76,Winter
2024-02-22,103,1001,Grocery,North,174,66,86,74,317.96,15,Cloudy,Yes,323.11,Winter
2024-02-22,103,1002,Electronics,East,215,55,36,62,488.29,5,Sunny,No,509.11,Winter
2024-02-23,101,1001,Electronics,West,152,78,52,86,266.2,10,Rainy,No,270.4,Winter
2024-02-23,101,1002,Grocery,West,154,40,75,41,336.74,10,Cloudy,Yes,343.46,Winter
2024-02-23,102,1001,Grocery,West,201,71,101,74,349.74,5,Sunny,No,363.2,Winter
2024-02-23,102,1002,Electronics,South,182,77,69,69,387.93,15,Rainy,No,395.32,Winter
2024-02-23,103,1001,Electronics,West,149,70,78,67,504.02,5,Sunny,No,456.76,Winter
2024-02-23,103,1002,Grocery,North,171,67,77,63,433.52,5,Rainy,No,418.37,Winter
2024-02-24,101,1001,Clothing,North,187,64,77,61,192.71,15,Cloudy,No,199.43,Winter
2024-02-24,101,1002,Electronics,East,179,41,67,47,286.81,20,Cloudy,No,303.09,Winter
2024-02-24,102,1001,Electronics,West,196,38,51,35,157.72,5,Cloudy,No,161.49,Winter
2024-02-24,102,1002,Electronics,North,230,68,85,69,325.77,15,Cloudy,No,337.25,Winter
2024-02-24,103,1001,Electronics,East,153,62,85,64,568.11,15,Cloudy,No,561.64,Winter
2024-02-24,103,1002,Grocery,East,208,62,69,63,471.8,0,Cloudy,No,458.82,Winter
2024-02-25,101,1001,Electronics,West,196,62,72,62,181.41,10,Cloudy,No,169.78,Winter
2024-02-25,101,1002,Grocery,West,170,54,97,60,353.81,5,Sunny,No,367.94,Winter
2024-02-25,102,1001,Electronics,South,191,64,70,68,219.16,20,Rainy,No,222.81,Winter
2024-02-25,102,1002,Grocery,North,136,66,86,65,179.94,5,Cloudy,No,185.66,Winter
2024-02-25,103,1001,Electronics,South,171,65,67,65,598.76,15,Sunny,No,655.45,Winter
2024-02-25,103,1002,Clothing,West,209,62,68,67,300.88,20,Sunny,No,324.46,Winter
2024-02-26,101,1001,Grocery,West,133,65,64,58,363.73,5,Rainy,Yes,359.25,Winter
2024-02-26,101,1002,Clothing,West,188,76,70,75,201.49,15,Cloudy,No,193.41,Winter
2024-02-26,102,1001,Grocery,South,171,54,58,58,178.15,20,Cloudy,No,163.06,Winter
2024-02-26,102,1002,Grocery,West,201,44,92,40,365.32,5,Cloudy,Yes,341.52,Winter
2024-02-26,103,1001,Electronics,South,205,58,69,59,276.86,5,Sunny,No,279.48,Winter
2024-02-26,103,1002,Clothing,North,184,62,54,62,573.19,5,Rainy,No,591.08,Winter
2024-02-27,101,1001,Clothing,North,194,82,57,89,333.06,15,Rainy,No,359.03,Winter
2024-02-27,101,1002,Grocery,East,181,63,90,67,410.69,5,Rainy,No,415.02,Winter
2024-02-27,102,1001,Grocery,South,150,77,73,71,248.42,20,Rainy,No,252.23,Winter
2024-02-27,102,1002,Grocery,East,128,46,83,43,318.55,10,Cloudy,No,333.17,Winter
2024-02-27,103,1001,Electronics,North,200,37,72,35,415.02,15,Cloudy,No,377.96,Winter
2024-02-27,103,1002,Electronics,West,147,39,60,34,356.25,20,Rainy,No,388.21,Winter
2024-02-28,101,1001,Grocery,East,194,61,81,54,492.19,0,Sunny,No,482.14,Winter
2024-02-28,101,1002,Clothing,North,170,71,75,78,303.19,10,Rainy,No,280.35,Winter
2024-02-28,102,1001,Grocery,North,200,42,58,48,359.56,20,Sunny,Yes,389.93,Winter
2024-02-28,102,1002,Clothing,East,202,68,93,69,326.44,10,Cloudy,No,309.26,Winter
2024-02-28,103,1001,Grocery,West,226,68,67,65,158.62,10,Sunny,No,156.04,Winter
2024-02-28,103,1002,Clothing,West,155,68,51,61,450.54,10,Cloudy,No,466.62,Winter
2024-02-29,101,1001,Grocery,West,168,70,56,72,302.9,20,Sunny,No,310.33,Winter
2024-02-29,101,1002,Clothing,West,164,71,66,63,190.05,0,Rainy,No,173.39,Winter
2024-02-29,102,1001,Electronics,South,187,46,69,39,235.23,5,Rainy,Yes,225.55,Winter
2024-02-29,102,1002,Clothing,South,175,65,92,65,448.59,5,Cloudy,No,484.08,Winter
2024-02-29,103,1001,Electronics,North,194,56,53,49,233.08,5,Sunny,No,217.85,Winter
2024-02-29,103,1002,Clothing,South,154,71,69,77,577.45,15,Sunny,Yes,533.17,Winter
2024-03-01,101,1001,Clothing,South,182,70,88,65,411.64,20,Cloudy,No,404.3,Summer
2024-03-01,101,1002,Electronics,South,196,49,71,48,521.95,20,Sunny,Yes,507.5,Summer
2024-03-01,102,1001,Clothing,South,159,62,74,55,482.49,15,Cloudy,No,444.21,Summer
2024-03-01,102,1002,Electronics,West,186,57,51,57,164.3,5,Cloudy,Yes,151.67,Summer
2024-03-01,103,1001,Clothing,North,168,60,53,61,311.64,20,Rainy,No,302.34,Summer
2024-03-01,103,1002,Electronics,South,208,62,62,70,400.79,20,Sunny,No,433.89,Summer
2024-03-02,101,1001,Clothing,West,186,44,73,48,356.61,20,Rainy,No,326.41,Summer
2024-03-02,101,1002,Grocery,South,225,47,48,53,364.02,15,Cloudy,No,398.32,Summer
2024-03-02,102,1001,Clothing,West,192,80,67,86,425.76,10,Cloudy,Yes,413.38,Summer
2024-03-02,102,1002,Electronics,North,125,51,87,58,171.05,20,Cloudy,No,157.57,Summer
2024-03-02,103,1001,Clothing,West,135,47,87,54,247.63,15,Rainy,Yes,233.77,Summer
2024-03-02,103,1002,Clothing,North,226,75,72,69,254.12,10,Cloudy,No,273.75,Summer
2024-03-03,101,1001,Grocery,East,215,76,91,72,501.43,15,Rainy,Yes,534.82,Summer
2024-03-03,101,1002,Clothing,South,210,53,72,58,198.43,20,Rainy,No,197.8,Summer
2024-03-03,102,1001,Electronics,West,183,36,42,30,522.82,10,Cloudy,No,546.7,Summer
2024-03-03,102,1002,Grocery,West,212,69,52,66,348.26,0,Cloudy,No,382.41,Summer
2024-03-03,103,1001,Clothing,South,171,60,89,68,287.02,0,Cloudy,No,282.42,Summer
2024-03-03,103,1002,Grocery,South,201,73,69,66,226.92,0,Rainy,Yes,222.07,Summer
2024-03-04,101,1001,Clothing,East,221,72,62,74,523.57,20,Sunny,No,562.15,Summer
2024-03-04,101,1002,Grocery,East,176,52,81,54,339.0,10,Sunny,No,369.29,Summer
2024-03-04,102,1001,Grocery,East,206,51,82,55,404.8,5,Cloudy,No,386.3,Summer
2024-03-04,102,1002,Electronics,South,173,47,81,52,237.5,15,Cloudy,No,224.41,Summer
2024-03-04,103,1001,Clothing,North,166,67,40,70,279.3,5,Sunny,No,270.05,Summer
2024-03-04,103,1002,Clothing,East,196,52,34,56,407.4,20,Sunny,Yes,388.51,Summer
2024-03-05,101,1001,Clothing,South,136,46,64,41,413.18,10,Sunny,No,452.52,Summer
2024-03-05,101,1002,Clothing,South,147,61,51,67,283.78,10,Rainy,No,300.27,Summer
2024-03-05,102,1001,Electronics,South,151,61,77,56,271.79,5,Sunny,Yes,298.34,Summer
2024-03-05,102,1002,Grocery,South,202,84,97,77,345.46,5,Sunny,No,355.47,Summer
2024-03-05,103,1001,Clothing,North,170,59,60,54,421.44,5,Sunny,No,395.73,Summer
2024-03-05,103,1002,Clothing,South,209,55,79,53,263.86,15,Cloudy,No,273.03,Summer
2024-03-06,101,1001,Grocery,South,202,54,83,47,494.62,5,Rainy,Yes,446.98,Summer
2024-03-06,101,1002,Grocery,South,197,80,69,72,431.4,0,Cloudy,Yes,399.56,Summer
2024-03-06,102,1001,Grocery,North,188,72,65,65,335.12,0,Rainy,Yes,318.94,Summer
2024-03-06,102,1002,Grocery,East,181,34,65,26,452.78,15,Rainy,No,494.92,Summer
2024-03-06,103,1001,Grocery,West,228,79,58,84,527.92,5,Rainy,Yes,550.59,Summer
2024-03-06,103,1002,Electronics,North,185,60,42,67,597.49,0,Rainy,No,568.05,Summer
2024-03-07,101,1001,Electronics,North,183,57,66,62,349.06,15,Cloudy,No,338.08,Summer
2024-03-07,101,1002,Electronics,North,160,66,74,65,279.71,10,Cloudy,No,282.75,Summer
2024-03-07,102,1001,Clothing,North,185,75,93,71,324.93,0,Cloudy,Yes,346.36,Summer
2024-03-07,102,1002,Electronics,East,178,46,74,53,598.01,10,Rainy,No,576.28,Summer
2024-03-07,103,1001,Electronics,East,179,73,94,65,434.58,10,Sunny,No,461.01,Summer
2024-03-07,103,1002,Clothing,North,182,69,67,73,161.56,15,Sunny,No,151.75,Summer
2024-03-08,101,1001,Clothing,East,155,59,86,66,197.47,15,Cloudy,No,202.91,Summer
2024-03-08,101,1002,Grocery,West,229,87,69,92,419.37,0,Sunny,No,423.13,Summer
2024-03-08,102,1001,Electronics,South,209,51,70,58,175.6,0,Rainy,No,181.77,Summer
2024-03-08,102,1002,Grocery,North,215,68,61,73,288.26,15,Cloudy,No,277.77,Summer
2024-03-08,103,1001,Grocery,West,203,38,67,30,377.67,10,Sunny,Yes,348.52,Summer
2024-03-08,103,1002,Grocery,West,187,76,69,73,324.27,20,Rainy,Yes,344.62,Summer
2024-03-09,101,1001,Electronics,West,192,62,106,59,540.68,0,Sunny,No,490.73,Summer
2024-03-09,101,1002,Electronics,North,217,53,83,48,398.56,5,Cloudy,Yes,378.97,Summer
2024-03-09,102,1001,Clothing,East,133,63,83,70,401.26,10,Sunny,Yes,436.54,Summer
2024-03-09,102,1002,Grocery,West,192,80,92,75,240.35,10,Rainy,No,231.07,Summer
2024-03-09,103,1001,Electronics,South,154,67,55,70,168.13,10,Cloudy,No,151.67,Summer
2024-03-09,103,1002,Clothing,North,193,40,89,38,592.13,20,Sunny,No,574.55,Summer
2024-03-10,101,1001,Clothing,East,181,56,67,53,247.35,0,Rainy,No,232.48,Summer
2024-03-10,101,1002,Electronics,East,180,43,43,36,521.67,5,Sunny,Yes,495.32,Summer
2024-03-10,102,1001,Grocery,West,183,58,66,66,407.22,20,Sunny,No,428.7,Summer
2024-03-10,102,1002,Clothing,East,141,59,71,57,318.21,20,Cloudy,Yes,299.26,Summer
2024-03-10,103,1001,Clothing,West,176,53,74,47,322.25,5,Cloudy,Yes,294.61,Summer
2024-03-10,103,1002,Electronics,North,222,30,98,37,240.83,20,Cloudy,Yes,218.87,Summer
2024-03-11,101,1001,Electronics,South,146,62,63,64,415.15,0,Sunny,Yes,383.87,Summer
2024-03-11,101,1002,Clothing,North,139,61,71,63,460.83,20,Rainy,No,423.15,Summer
2024-03-11,102,1001,Electronics,West,149,71,87,71,336.95,15,Rainy,No,306.05,Summer
2024-03-11,102,1002,Electronics,North,181,51,77,58,201.64,20,Sunny,Yes,206.38,Summer
2024-03-11,103,1001,Clothing,North,146,64,65,67,182.73,5,Cloudy,No,200.73,Summer
2024-03-11,103,1002,Electronics,East,192,50,64,54,251.1,0,Cloudy,No,235.07,Summer
2024-03-12,101,1001,Electronics,South,206,52,61,44,524.68,10,Sunny,No,565.62,Summer
2024-03-12,101,1002,Grocery,South,166,79,101,76,331.23,15,Cloudy,No,306.92,Summer
2024-03-12,102,1001,Electronics,North,150,76,30,80,417.2,0,Cloudy,No,423.06,Summer
2024-03-12,102,1002,Clothing,South,196,53,57,52,264.54,5,Cloudy,No,268.11,Summer
2024-03-12,103,1001,Electronics,West,200,67,66,63,560.38,15,Sunny,Yes,540.1,Summer
2024-03-12,103,1002,Grocery,South,200,89,67,86,191.09,10,Cloudy,Yes,190.01,Summer
2024-03-13,101,1001,Electronics,North,161,62,37,66,264.13,0,Sunny,No,268.2,Summer
2024-03-13,101,1002,Electronics,South,185,74,83,81,283.09,0,Cloudy,Yes,265.04,Summer
2024-03-13,102,1001,Clothing,East,211,53,100,50,426.94,10,Rainy,No,445.29,Summer
2024-03-13,102,1002,Clothing,West,173,43,70,43,422.18,15,Sunny,No,404.75,Summer
2024-03-13,103,1001,Clothing,South,149,49,96,45,404.07,5,Sunny,No,444.23,Summer
2024-03-13,103,1002,Grocery,North,155,65,85,64,437.32,0,Cloudy,No,405.67,Summer
2024-03-14,101,1001,Grocery,West,208,60,53,60,492.0,5,Cloudy,No,521.89,Summer
2024-03-14,101,1002,Clothing,South,174,69,58,65,494.64,0,Cloudy,Yes,511.63,Summer
2024-03-14,102,1001,Electronics,East,220,66,70,60,342.36,15,Rainy,No,326.55,Summer
2024-03-14,102,1002,Clothing,East,194,42,60,42,316.6,0,Cloudy,Yes,326.59,Summer
2024-03-14,103,1001,Clothing,South,181,57,72,56,515.58,5,Sunny,No,552.57,Summer
2024-03-14,103,1002,Grocery,North,190,61,78,58,460.65,20,Cloudy,No,474.08,Summer
2024-03-15,101,1001,Grocery,West,180,47,84,44,152.31,10,Sunny,No,144.26,Summer
2024-03-15,101,1002,Electronics,East,203,52,59,50,209.26,0,Rainy,No,224.87,Summer
2024-03-15,102,1001,Electronics,North,225,57,64,57,519.25,5,Rainy,No,527.33,Summer
2024-03-15,102,1002,Clothing,South,174,72,40,79,522.92,10,Cloudy,No,540.81,Summer
2024-03-15,103,1001,Clothing,South,215,48,75,53,296.75,10,Cloudy,No,281.84,Summer
2024-03-15,103,1002,Electronics,North,176,67,74,66,326.9,15,Sunny,Yes,310.92,Summer
2024-03-16,101,1001,Grocery,South,182,44,67,41,178.41,10,Sunny,No,191.58,Summer
2024-03-16,101,1002,Grocery,West,123,44,102,38,552.78,5,Sunny,Yes,528.11,Summer
2024-03-16,102,1001,Electronics,North,199,74,82,70,564.31,10,Sunny,No,532.67,Summer
2024-03-16,102,1002,Grocery,East,191,54,80,51,479.79,0,Sunny,No,499.52,Summer
2024-03-16,103,1001,Clothing,West,160,47,71,39,473.42,0,Rainy,Yes,448.1,Summer
2024-03-16,103,1002,Grocery,North,158,57,84,65,326.31,5,Sunny,No,337.77,Summer
2024-03-17,101,1001,Grocery,East,180,73,66,67,513.63,5,Rainy,No,517.57,Summer
2024-03-17,101,1002,Grocery,East,187,78,61,83,536.44,15,Cloudy,Yes,579.8,Summer
2024-03-17,102,1001,Grocery,East,183,43,59,37,313.47,20,Rainy,No,302.82,Summer
2024-03-17,102,1002,Clothing,South,176,58,65,66,291.58,0,Rainy,No,278.96,Summer
2024-03-17,103,1001,Electronics,West,147,58,60,57,245.53,15,Rainy,No,221.68,Summer
2024-03-17,103,1002,Grocery,South,182,65,107,58,319.67,15,Cloudy,No,332.52,Summer
2024-03-18,101,1001,Grocery,South,145,57,77,57,440.49,20,Cloudy,No,432.87,Summer
2024-03-18,101,1002,Electronics,North,170,72,68,76,533.82,10,Sunny,No,568.96,Summer
2024-03-18,102,1001,Grocery,North,184,88,34,82,432.45,20,Sunny,No,453.7,Summer
2024-03-18,102,1002,Electronics,South,193,31,83,33,181.07,0,Rainy,No,168.34,Summer
2024-03-18,103,1001,Clothing,West,189,74,55,75,585.48,5,Sunny,No,615.84,Summer
2024-03-18,103,1002,Clothing,North,157,56,79,49,320.2,5,Cloudy,Yes,314.59,Summer
2024-03-19,101,1001,Electronics,West,161,61,76,68,258.36,0,Rainy,No,237.16,Summer
2024-03-19,101,1002,Electronics,South,153,68,69,68,304.28,0,Rainy,No,318.98,Summer
2024-03-19,102,1001,Electronics,South,183,72,93,73,224.8,20,Sunny,No,236.48,Summer
2024-03-19,102,1002,Electronics,East,189,88,67,94,546.4,0,Cloudy,No,516.56,Summer
2024-03-19,103,1001,Clothing,South,184,63,42,71,350.18,20,Sunny,No,355.01,Summer
2024-03-19,103,1002,Clothing,West,197,49,78,43,345.16,5,Sunny,No,334.06,Summer
2024-03-20,101,1001,Electronics,East,181,53,64,54,178.13,5,Rainy,No,166.96,Summer
2024-03-20,101,1002,Electronics,North,187,79,94,84,281.36,5,Cloudy,Yes,283.12,Summer
2024-03-20,102,1001,Grocery,North,143,79,60,82,391.04,5,Rainy,Yes,379.93,Summer
2024-03-20,102,1002,Clothing,South,153,71,46,78,397.8,15,Cloudy,No,413.78,Summer
2024-03-20,103,1001,Grocery,South,207,56,76,61,180.8,15,Cloudy,No,174.5,Summer
2024-03-20,103,1002,Clothing,North,186,57,49,54,243.15,20,Cloudy,No,227.68,Summer
2024-03-21,101,1001,Grocery,North,173,45,74,51,213.25,0,Sunny,No,221.96,Summer
2024-03-21,101,1002,Grocery,West,183,82,73,87,269.29,5,Cloudy,No,245.21,Summer
2024-03-21,102,1001,Electronics,South,189,52,74,55,175.79,5,Rainy,No,189.8,Summer
2024-03-21,102,1002,Grocery,West,155,37,73,40,493.0,5,Sunny,No,505.17,Summer
2024-03-21,103,1001,Electronics,South,242,57,39,52,238.9,15,Sunny,No,235.92,Summer
2024-03-21,103,1002,Electronics,South,191,64,44,62,552.03,0,Rainy,No,592.05,Summer
2024-03-22,101,1001,Grocery,North,168,70,61,71,452.74,20,Sunny,No,451.25,Summer
2024-03-22,101,1002,Grocery,South,160,62,68,65,257.92,10,Sunny,No,235.32,Summer
2024-03-22,102,1001,Electronics,South,184,48,68,41,268.08,0,Cloudy,No,259.83,Summer
2024-03-22,102,1002,Electronics,South,147,53,89,52,197.98,15,Cloudy,No,216.44,Summer
2024-03-22,103,1001,Clothing,East,200,79,82,75,280.52,5,Rainy,Yes,257.83,Summer
2024-03-22,103,1002,Clothing,North,156,43,67,50,424.66,20,Cloudy,No,429.69,Summer
2024-03-23,101,1001,Grocery,West,180,48,90,41,154.75,5,Cloudy,No,162.99,Summer
2024-03-23,101,1002,Electronics,North,204,40,66,36,236.38,15,Sunny,No,252.69,Summer
2024-03-23,102,1001,Grocery,North,172,84,45,90,232.82,20,Cloudy,No,253.5,Summer
2024-03-23,102,1002,Clothing,West,179,50,71,54,216.58,10,Sunny,Yes,203.74,Summer
2024-03-23,103,1001,Electronics,West,216,55,64,58,350.62,20,Sunny,No,379.6,Summer
2024-03-23,103,1002,Electronics,East,208,60,64,56,589.63,5,Rainy,No,626.55,Summer
2024-03-24,101,1001,Grocery,East,157,58,51,58,494.39,10,Sunny,No,475.63,Summer
2024-03-24,101,1002,Clothing,South,144,66,61,67,287.02,15,Sunny,No,272.04,Summer
2024-03-24,102,1001,Electronics,North,213,77,76,70,490.29,15,Cloudy,No,514.06,Summer
2024-03-24,102,1002,Clothing,East,173,67,41,65,448.68,0,Cloudy,No,464.3,Summer
2024-03-24,103,1001,Clothing,South,139,67,71,66,447.6,10,Cloudy,No,467.05,Summer
2024-03-24,103,1002,Grocery,West,213,59,75,65,349.6,15,Cloudy,No,320.46,Summer
2024-03-25,101,1001,Clothing,South,208,59,71,54,544.99,5,Sunny,Yes,580.16,Summer
2024-03-25,101,1002,Clothing,South,158,51,45,59,361.23,20,Sunny,Yes,334.43,Summer
2024-03-25,102,1001,Grocery,South,162,71,46,74,183.89,10,Sunny,Yes,182.3,Summer
2024-03-25,102,1002,Clothing,North,170,58,67,59,264.64,10,Sunny,No,253.09,Summer
2024-03-25,103,1001,Grocery,West,152,58,50,53,402.87,20,Sunny,No,426.4,Summer
2024-03-25,103,1002,Clothing,West,202,83,70,81,301.12,20,Rainy,No,298.28,Summer
2024-03-26,101,1001,Grocery,North,152,62,55,54,599.46,10,Cloudy,Yes,558.04,Summer
2024-03-26,101,1002,Clothing,West,192,48,27,51,189.14,20,Cloudy,No,180.01,Summer
2024-03-26,102,1001,Grocery,East,165,73,78,71,406.58,5,Sunny,Yes,386.87,Summer
2024-03-26,102,1002,Electronics,South,226,62,62,70,245.91,5,Cloudy,No,264.73,Summer
2024-03-26,103,1001,Clothing,East,172,53,62,56,210.0,10,Sunny,No,190.22,Summer
2024-03-26,103,1002,Electronics,North,184,56,38,60,514.49,0,Sunny,No,489.88,Summer
2024-03-27,101,1001,Grocery,East,194,25,71,23,542.63,5,Rainy,No,530.56,Summer
2024-03-27,101,1002,Clothing,South,170,65,60,65,540.18,10,Sunny,No,560.72,Summer
2024-03-27,102,1001,Clothing,West,203,54,61,61,481.41,15,Sunny,No,463.66,Summer
2024-03-27,102,1002,Clothing,South,129,50,68,51,289.26,15,Rainy,No,293.69,Summer
2024-03-27,103,1001,Grocery,East,204,73,58,66,178.84,20,Rainy,No,185.54,Summer
2024-03-27,103,1002,Clothing,East,171,62,89,56,572.02,5,Sunny,Yes,554.61,Summer
2024-03-28,101,1001,Electronics,West,234,69,64,77,272.01,10,Rainy,Yes,272.51,Summer
2024-03-28,101,1002,Clothing,West,174,51,85,46,258.75,10,Sunny,No,277.29,Summer
2024-03-28,102,1001,Electronics,North,205,55,53,49,436.03,5,Rainy,No,452.89,Summer
2024-03-28,102,1002,Electronics,West,160,73,85,67,282.26,5,Cloudy,No,266.74,Summer
2024-03-28,103,1001,Grocery,East,220,73,76,77,150.93,20,Rainy,No,153.02,Summer
2024-03-28,103,1002,Clothing,North,188,78,104,77,162.19,20,Rainy,No,150.01,Summer
2024-03-29,101,1001,Grocery,North,183,54,99,52,567.49,10,Cloudy,Yes,598.8,Summer
2024-03-29,101,1002,Electronics,North,194,36,80,42,439.76,20,Sunny,No,442.28,Summer
2024-03-29,102,1001,Grocery,East,171,61,68,62,269.3,10,Sunny,Yes,273.88,Summer
2024-03-29,102,1002,Electronics,East,257,50,48,54,360.27,10,Sunny,Yes,377.73,Summer
2024-03-29,103,1001,Clothing,South,206,43,50,41,211.05,20,Sunny,No,215.71,Summer
2024-03-29,103,1002,Grocery,East,192,66,82,66,569.56,20,Cloudy,No,542.63,Summer
2024-03-30,101,1001,Clothing,East,175,63,81,60,589.02,10,Rainy,No,590.7,Summer
2024-03-30,101,1002,Clothing,East,138,66,73,58,560.32,15,Cloudy,Yes,511.49,Summer
2024-03-30,102,1001,Grocery,West,188,74,68,71,567.85,5,Rainy,No,549.48,Summer
2024-03-30,102,1002,Grocery,West,205,73,77,77,464.79,15,Sunny,Yes,479.25,Summer
2024-03-30,103,1001,Grocery,South,167,61,43,54,451.84,5,Cloudy,Yes,491.39,Summer
2024-03-30,103,1002,Clothing,South,161,33,39,31,236.62,20,Cloudy,Yes,247.07,Summer
2024-03-31,101,1001,Grocery,North,188,89,76,89,191.11,5,Rainy,Yes,179.19,Summer
2024-03-31,101,1002,Electronics,North,208,86,74,93,386.45,20,Sunny,No,424.69,Summer
2024-03-31,102,1001,Grocery,East,192,59,80,58,483.76,20,Rainy,No,447.59,Summer
2024-03-31,102,1002,Electronics,South,189,53,57,45,184.84,5,Sunny,No,187.75,Summer
2024-03-31,103,1001,Clothing,West,193,75,82,78,452.77,15,Sunny,Yes,446.61,Summer
2024-03-31,103,1002,Electronics,South,195,66,60,68,247.98,15,Sunny,No,230.34,Summer
2024-04-01,101,1001,Clothing,North,220,60,51,67,408.27,5,Cloudy,No,441.88,Summer
2024-04-01,101,1002,Electronics,North,176,68,88,71,269.56,5,Cloudy,No,275.69,Summer
2024-04-01,102,1001,Grocery,South,142,62,55,66,285.71,10,Sunny,No,286.55,Summer
2024-04-01,102,1002,Electronics,West,155,67,70,69,480.14,20,Sunny,Yes,444.09,Summer
2024-04-01,103,1001,Electronics,South,164,44,66,44,341.15,0,Rainy,No,353.82,Summer
2024-04-01,103,1002,Clothing,North,168,45,64,38,198.16,10,Rainy,No,203.34,Summer
2024-04-02,101,1001,Electronics,North,131,39,86,40,352.17,10,Sunny,No,360.91,Summer
2024-04-02,101,1002,Electronics,East,206,50,68,55,307.29,5,Sunny,No,304.69,Summer
2024-04-02,102,1001,Clothing,South,184,57,71,64,599.71,20,Sunny,No,649.58,Summer
2024-04-02,102,1002,Grocery,West,216,53,70,49,589.85,0,Sunny,No,542.68,Summer
2024-04-02,103,1001,Electronics,East,165,69,58,62,591.62,15,Sunny,No,548.76,Summer
2024-04-02,103,1002,Electronics,South,190,57,56,60,503.93,5,Sunny,No,524.95,Summer
2024-04-03,101,1001,Electronics,East,193,50,90,48,207.52,10,Rainy,No,222.42,Summer
2024-04-03,101,1002,Grocery,East,151,43,45,51,548.97,0,Cloudy,No,511.03,Summer
2024-04-03,102,1001,Grocery,West,182,56,49,58,481.22,15,Rainy,Yes,525.47,Summer
2024-04-03,102,1002,Grocery,East,216,70,62,69,460.41,10,Rainy,No,432.75,Summer
2024-04-03,103,1001,Electronics,North,201,69,52,68,256.52,15,Sunny,No,244.12,Summer
2024-04-03,103,1002,Electronics,South,189,54,82,46,369.56,5,Rainy,No,406.19,Summer
2024-04-04,101,1001,Grocery,East,109,35,82,40,557.0,5,Sunny,No,522.72,Summer
2024-04-04,101,1002,Clothing,West,139,61,66,58,524.28,5,Cloudy,No,566.08,Summer
2024-04-04,102,1001,Electronics,East,176,45,68,46,500.09,10,Rainy,No,543.46,Summer
2024-04-04,102,1002,Clothing,East,171,69,68,66,311.44,0,Rainy,No,291.18,Summer
2024-04-04,103,1001,Electronics,North,198,44,83,47,185.38,5,Cloudy,No,203.77,Summer
2024-04-04,103,1002,Clothing,South,191,68,75,75,276.58,15,Sunny,Yes,297.57,Summer
2024-04-05,101,1001,Electronics,North,186,59,84,53,442.55,0,Cloudy,No,477.87,Summer
2024-04-05,101,1002,Clothing,South,155,66,74,58,330.16,5,Cloudy,No,329.1,Summer
2024-04-05,102,1001,Electronics,East,193,65,78,61,280.12,10,Cloudy,Yes,282.23,Summer
2024-04-05,102,1002,Clothing,East,226,53,84,49,592.29,15,Cloudy,No,616.14,Summer
2024-04-05,103,1001,Grocery,North,206,39,82,32,494.49,5,Sunny,No,498.1,Summer
2024-04-05,103,1002,Clothing,West,171,66,76,73,220.74,10,Rainy,Yes,226.34,Summer
2024-04-06,101,1001,Grocery,West,164,69,23,61,209.61,5,Sunny,No,224.54,Summer
2024-04-06,101,1002,Electronics,West,194,61,64,61,195.85,5,Cloudy,No,203.56,Summer
2024-04-06,102,1001,Grocery,North,167,56,86,64,323.3,15,Cloudy,No,301.37,Summer
2024-04-06,102,1002,Electronics,North,205,50,81,55,411.59,0,Sunny,No,400.19,Summer
2024-04-06,103,1001,Clothing,West,125,65,90,69,512.46,0,Rainy,No,557.0,Summer
2024-04-06,103,1002,Grocery,West,189,64,73,61,507.28,20,Sunny,Yes,480.78,Summer
2024-04-07,101,1001,Grocery,West,186,58,67,66,165.82,10,Rainy,No,164.07,Summer
2024-04-07,101,1002,Electronics,South,177,44,75,52,233.0,10,Sunny,No,210.69,Summer
2024-04-07,102,1001,Grocery,North,169,77,81,74,562.68,20,Rainy,No,527.07,Summer
2024-04-07,102,1002,Grocery,West,172,37,88,38,270.39,15,Sunny,No,283.09,Summer
2024-04-07,103,1001,Grocery,East,178,58,24,57,269.27,5,Rainy,Yes,242.55,Summer
2024-04-07,103,1002,Electronics,North,181,54,92,57,414.66,10,Cloudy,No,389.37,Summer
2024-04-08,101,1001,Clothing,East,142,71,90,68,436.83,5,Rainy,Yes,469.67,Summer
2024-04-08,101,1002,Electronics,East,165,71,77,76,369.32,10,Cloudy,No,372.29,Summer
2024-04-08,102,1001,Electronics,West,203,70,71,73,157.13,20,Rainy,No,147.85,Summer
2024-04-08,102,1002,Electronics,East,228,58,82,50,356.99,0,Cloudy,No,358.92,Summer
2024-04-08,103,1001,Grocery,West,185,45,60,53,374.6,15,Rainy,No,396.18,Summer
2024-04-08,103,1002,Clothing,East,161,47,63,43,195.42,5,Cloudy,No,181.4,Summer
2024-04-09,101,1001,Grocery,South,192,61,44,62,266.35,5,Rainy,No,276.61,Summer
2024-04-09,101,1002,Electronics,North,172,61,62,60,314.95,5,Rainy,No,309.06,Summer
2024-04-09,102,1001,Clothing,East,209,54,70,51,560.1,10,Rainy,No,521.92,Summer
2024-04-09,102,1002,Grocery,East,154,33,42,31,449.62,5,Rainy,No,441.99,Summer
2024-04-09,103,1001,Clothing,West,168,54,84,60,301.86,5,Cloudy,Yes,327.07,Summer
2024-04-09,103,1002,Clothing,West,178,61,85,55,235.76,5,Rainy,Yes,252.9,Summer
2024-04-10,101,1001,Grocery,South,172,68,72,74,179.53,0,Cloudy,No,183.91,Summer
2024-04-10,101,1002,Electronics,East,206,65,74,64,511.74,10,Sunny,No,475.06,Summer
2024-04-10,102,1001,Grocery,West,156,61,66,55,583.99,20,Rainy,No,566.49,Summer
2024-04-10,102,1002,Clothing,North,185,53,63,58,157.97,10,Rainy,No,156.17,Summer
2024-04-10,103,1001,Grocery,West,145,42,90,50,549.89,15,Sunny,No,597.56,Summer
2024-04-10,103,1002,Electronics,North,194,61,94,57,163.18,10,Sunny,Yes,160.77,Summer
2024-04-11,101,1001,Electronics,East,163,83,87,84,173.72,0,Rainy,No,174.02,Summer
2024-04-11,101,1002,Electronics,South,200,46,57,45,336.5,15,Cloudy,No,346.66,Summer
2024-04-11,102,1001,Electronics,West,210,56,67,58,464.04,5,Cloudy,Yes,418.57,Summer
2024-04-11,102,1002,Electronics,South,190,56,62,63,351.38,0,Sunny,No,330.93,Summer
2024-04-11,103,1001,Grocery,West,197,86,81,92,223.92,0,Sunny,No,243.42,Summer
2024-04-11,103,1002,Clothing,East,185,52,83,54,162.53,10,Cloudy,No,164.39,Summer
2024-04-12,101,1001,Grocery,North,204,49,57,57,477.27,0,Rainy,No,483.13,Summer
2024-04-12,101,1002,Grocery,North,175,61,87,62,348.17,10,Rainy,No,317.51,Summer
2024-04-12,102,1001,Clothing,North,198,56,71,56,486.65,15,Cloudy,Yes,479.33,Summer
2024-04-12,102,1002,Clothing,West,198,36,66,42,377.3,5,Cloudy,No,383.85,Summer
2024-04-12,103,1001,Electronics,West,167,63,89,65,263.46,0,Rainy,No,266.24,Summer
2024-04-12,103,1002,Grocery,East,136,53,73,52,475.28,10,Sunny,No,519.84,Summer
2024-04-13,101,1001,Electronics,East,179,51,88,49,192.61,0,Cloudy,Yes,186.73,Summer
2024-04-13,101,1002,Grocery,North,202,62,53,70,576.69,10,Cloudy,Yes,626.75,Summer
2024-04-13,102,1001,Electronics,North,209,68,77,68,471.28,5,Rainy,No,492.73,Summer
2024-04-13,102,1002,Clothing,East,144,72,89,78,237.68,5,Sunny,No,217.04,Summer
2024-04-13,103,1001,Electronics,South,199,47,54,45,249.8,0,Cloudy,Yes,248.52,Summer
2024-04-13,103,1002,Electronics,East,194,34,80,38,534.53,5,Sunny,No,566.5,Summer
2024-04-14,101,1001,Clothing,West,181,41,77,47,391.69,5,Cloudy,No,427.71,Summer
2024-04-14,101,1002,Electronics,South,195,68,74,71,480.96,20,Sunny,No,521.96,Summer
2024-04-14,102,1001,Electronics,North,150,69,68,64,234.82,0,Sunny,No,234.58,Summer
2024-04-14,102,1002,Clothing,North,182,71,57,68,215.0,15,Sunny,No,218.68,Summer
2024-04-14,103,1001,Electronics,North,215,49,55,45,235.47,15,Rainy,No,231.71,Summer
2024-04-14,103,1002,Electronics,South,176,53,70,58,226.24,0,Rainy,No,215.86,Summer
2024-04-15,101,1001,Electronics,North,131,72,64,77,302.86,20,Rainy,No,294.15,Summer
2024-04-15,101,1002,Electronics,East,193,62,56,70,487.05,15,Sunny,No,491.99,Summer
2024-04-15,102,1001,Clothing,East,231,28,81,23,571.46,10,Cloudy,No,542.64,Summer
2024-04-15,102,1002,Grocery,North,158,53,79,59,375.76,10,Rainy,No,378.83,Summer
2024-04-15,103,1001,Clothing,North,190,54,79,55,484.48,10,Sunny,No,497.98,Summer
2024-04-15,103,1002,Grocery,East,196,71,65,71,333.18,5,Cloudy,No,346.34,Summer
2024-04-16,101,1001,Grocery,East,157,59,83,56,458.57,5,Cloudy,No,442.12,Summer
2024-04-16,101,1002,Electronics,East,166,48,59,41,384.53,5,Sunny,No,380.06,Summer
2024-04-16,102,1001,Electronics,South,160,75,74,78,485.0,5,Rainy,No,514.85,Summer
2024-04-16,102,1002,Electronics,East,146,65,80,58,387.41,0,Cloudy,Yes,388.73,Summer
2024-04-16,103,1001,Grocery,South,197,31,85,25,182.73,10,Cloudy,No,174.83,Summer
2024-04-16,103,1002,Grocery,South,225,46,67,38,309.99,5,Sunny,No,325.2,Summer
2024-04-17,101,1001,Electronics,West,157,42,89,42,270.22,10,Sunny,No,281.51,Summer
2024-04-17,101,1002,Electronics,East,187,57,73,57,219.28,20,Sunny,No,230.06,Summer
2024-04-17,102,1001,Clothing,North,167,60,86,66,356.83,5,Rainy,No,332.64,Summer
2024-04-17,102,1002,Clothing,North,196,61,71,54,214.28,5,Cloudy,No,213.3,Summer
2024-04-17,103,1001,Electronics,East,162,40,42,38,228.39,15,Sunny,Yes,247.35,Summer
2024-04-17,103,1002,Clothing,South,161,66,69,58,221.89,20,Sunny,No,224.54,Summer
2024-04-18,101,1001,Clothing,West,190,88,56,83,436.25,15,Rainy,No,432.19,Summer
2024-04-18,101,1002,Electronics,West,173,47,36,39,419.5,15,Rainy,No,456.52,Summer
2024-04-18,102,1001,Clothing,North,207,62,43,54,197.95,20,Cloudy,No,185.59,Summer
2024-04-18,102,1002,Clothing,North,226,48,87,42,390.94,0,Rainy,No,396.01,Summer
2024-04-18,103,1001,Electronics,East,169,61,70,53,256.0,5,Sunny,No,271.37,Summer
2024-04-18,103,1002,Electronics,North,159,76,81,69,382.92,15,Rainy,Yes,383.8,Summer
2024-04-19,101,1001,Grocery,East,154,55,53,56,485.36,0,Cloudy,No,480.39,Summer
2024-04-19,101,1002,Clothing,North,162,64,72,70,569.17,0,Cloudy,Yes,549.48,Summer
2024-04-19,102,1001,Electronics,South,200,43,73,44,389.56,20,Rainy,No,425.24,Summer
2024-04-19,102,1002,Grocery,South,158,68,70,61,535.17,0,Rainy,No,510.08,Summer
2024-04-19,103,1001,Electronics,North,196,51,64,52,152.2,15,Cloudy,No,151.0,Summer
2024-04-19,103,1002,Grocery,North,175,36,33,35,151.65,5,Cloudy,No,162.53,Summer
2024-04-20,101,1001,Electronics,South,196,75,59,70,510.86,10,Rainy,No,559.68,Summer
2024-04-20,101,1002,Clothing,West,164,74,60,80,320.82,15,Rainy,No,348.69,Summer
2024-04-20,102,1001,Grocery,South,208,83,68,86,276.81,5,Sunny,No,257.93,Summer
2024-04-20,102,1002,Grocery,South,178,54,60,58,292.77,20,Rainy,No,311.04,Summer
2024-04-20,103,1001,Grocery,East,200,64,71,72,547.01,20,Cloudy,Yes,574.66,Summer
2024-04-20,103,1002,Grocery,West,114,52,50,46,360.66,15,Cloudy,No,375.28,Summer
2024-04-21,101,1001,Grocery,East,194,60,77,66,541.8,15,Rainy,No,579.77,Summer
2024-04-21,101,1002,Grocery,West,156,58,66,59,420.76,0,Cloudy,Yes,410.58,Summer
2024-04-21,102,1001,Grocery,North,171,49,71,41,570.67,0,Cloudy,No,518.2,Summer
2024-04-21,102,1002,Grocery,East,167,84,87,88,576.11,0,Rainy,Yes,621.77,Summer
2024-04-21,103,1001,Clothing,North,123,47,83,39,167.46,10,Sunny,No,162.46,Summer
2024-04-21,103,1002,Electronics,East,195,66,36,62,195.57,15,Sunny,No,186.95,Summer
2024-04-22,101,1001,Grocery,East,145,60,64,68,397.81,0,Cloudy,No,406.07,Summer
2024-04-22,101,1002,Clothing,West,165,66,69,71,427.6,15,Sunny,No,434.94,Summer
2024-04-22,102,1001,Electronics,West,233,43,62,46,219.16,15,Sunny,No,225.56,Summer
2024-04-22,102,1002,Electronics,East,216,68,58,76,507.88,0,Sunny,No,551.54,Summer
2024-04-22,103,1001,Grocery,North,101,37,73,42,400.16,5,Cloudy,No,414.33,Summer
2024-04-22,103,1002,Grocery,East,168,56,75,62,165.43,5,Rainy,Yes,160.96,Summer
2024-04-23,101,1001,Electronics,South,152,83,70,75,176.22,0,Sunny,Yes,167.68,Summer
2024-04-23,101,1002,Clothing,East,155,50,35,43,441.65,20,Rainy,No,405.06,Summer
2024-04-23,102,1001,Grocery,West,189,50,86,56,256.48,0,Sunny,No,281.93,Summer
2024-04-23,102,1002,Grocery,West,165,39,55,37,162.69,5,Sunny,No,169.86,Summer
2024-04-23,103,1001,Clothing,South,199,57,71,60,511.97,0,Sunny,No,553.69,Summer
2024-04-23,103,1002,Electronics,South,182,43,54,35,181.71,0,Rainy,No,173.81,Summer
2024-04-24,101,1001,Electronics,East,168,83,69,84,562.99,20,Cloudy,No,593.87,Summer
2024-04-24,101,1002,Clothing,West,170,44,101,37,570.12,10,Rainy,No,521.9,Summer
2024-04-24,102,1001,Clothing,South,147,72,58,65,271.66,10,Cloudy,No,260.13,Summer
2024-04-24,102,1002,Clothing,South,174,48,71,48,424.96,20,Rainy,No,403.01,Summer
2024-04-24,103,1001,Grocery,North,178,72,90,76,596.26,5,Sunny,No,552.7,Summer
2024-04-24,103,1002,Electronics,North,176,51,40,45,416.66,0,Rainy,No,421.65,Summer
2024-04-25,101,1001,Clothing,West,91,75,76,70,208.99,10,Rainy,No,203.52,Summer
2024-04-25,101,1002,Grocery,North,181,54,53,59,561.79,10,Cloudy,No,591.04,Summer
2024-04-25,102,1001,Clothing,East,177,67,65,63,471.62,15,Cloudy,No,447.54,Summer
2024-04-25,102,1002,Grocery,West,170,62,58,62,395.88,0,Rainy,No,362.08,Summer
2024-04-25,103,1001,Electronics,East,203,50,65,44,463.15,5,Rainy,No,500.72,Summer
2024-04-25,103,1002,Clothing,East,182,70,54,66,171.18,10,Cloudy,Yes,181.88,Summer
2024-04-26,101,1001,Electronics,North,173,65,78,60,591.96,5,Sunny,No,555.31,Summer
2024-04-26,101,1002,Electronics,South,168,37,51,42,350.54,5,Rainy,Yes,317.57,Summer
2024-04-26,102,1001,Grocery,North,165,62,92,54,422.71,0,Cloudy,No,425.03,Summer
2024-04-26,102,1002,Electronics,West,187,55,73,62,277.58,0,Rainy,Yes,277.18,Summer
2024-04-26,103,1001,Electronics,North,149,59,90,67,343.64,15,Sunny,Yes,372.07,Summer
2024-04-26,103,1002,Grocery,South,167,43,82,38,331.08,20,Cloudy,No,315.45,Summer
2024-04-27,101,1001,Grocery,North,188,60,64,60,260.7,0,Sunny,No,277.04,Summer
2024-04-27,101,1002,Clothing,North,200,50,88,53,408.07,0,Cloudy,No,396.02,Summer
2024-04-27,102,1001,Electronics,East,148,70,80,65,523.36,0,Rainy,Yes,535.88,Summer
2024-04-27,102,1002,Electronics,South,207,60,80,56,440.59,10,Sunny,No,483.32,Summer
2024-04-27,103,1001,Electronics,North,197,64,98,60,237.55,20,Sunny,No,218.82,Summer
2024-04-27,103,1002,Electronics,North,184,33,98,32,194.77,5,Sunny,Yes,195.83,Summer
2024-04-28,101,1001,Clothing,South,137,78,67,77,500.08,20,Rainy,No,478.37,Summer
2024-04-28,101,1002,Electronics,East,212,49,56,56,514.62,15,Cloudy,Yes,465.05,Summer
2024-04-28,102,1001,Clothing,South,206,46,54,42,413.29,10,Cloudy,Yes,379.36,Summer
2024-04-28,102,1002,Grocery,East,131,64,56,56,521.31,20,Cloudy,Yes,478.14,Summer
2024-04-28,103,1001,Clothing,South,195,49,56,44,387.22,15,Cloudy,No,402.94,Summer
2024-04-28,103,1002,Electronics,East,165,78,61,81,529.33,10,Sunny,Yes,480.12,Summer
2024-04-29,101,1001,Clothing,North,184,61,93,53,302.85,10,Sunny,No,311.99,Summer
2024-04-29,101,1002,Electronics,North,182,56,54,56,356.39,10,Cloudy,No,390.87,Summer
2024-04-29,102,1001,Grocery,North,184,59,63,62,318.05,20,Cloudy,No,330.66,Summer
2024-04-29,102,1002,Electronics,West,155,61,51,68,159.02,0,Rainy,Yes,160.43,Summer
2024-04-29,103,1001,Electronics,West,178,60,73,64,455.4,0,Cloudy,No,494.87,Summer
2024-04-29,103,1002,Electronics,West,190,54,81,52,376.63,0,Cloudy,No,401.71,Summer
2024-04-30,101,1001,Electronics,North,182,67,43,59,568.7,15,Cloudy,No,599.37,Summer
2024-04-30,101,1002,Electronics,East,127,49,67,50,257.64,5,Cloudy,No,265.77,Summer
2024-04-30,102,1001,Clothing,North,202,68,80,61,266.75,20,Cloudy,Yes,264.41,Summer
2024-04-30,102,1002,Electronics,North,166,54,69,53,332.09,0,Sunny,Yes,338.13,Summer
2024-04-30,103,1001,Clothing,North,166,68,73,63,535.02,0,Sunny,No,539.58,Summer
2024-04-30,103,1002,Clothing,East,190,61,47,66,448.71,0,Sunny,No,486.39,Summer
2024-05-01,101,1001,Clothing,West,170,58,52,59,284.12,15,Sunny,No,291.53,Summer
2024-05-01,101,1002,Electronics,West,160,61,90,61,454.2,10,Sunny,No,428.95,Summer
2024-05-01,102,1001,Electronics,South,209,64,79,60,476.21,5,Sunny,No,448.53,Summer
2024-05-01,102,1002,Electronics,East,203,59,51,51,561.5,20,Cloudy,No,543.13,Summer
2024-05-01,103,1001,Clothing,North,154,52,48,59,172.77,20,Sunny,No,175.05,Summer
2024-05-01,103,1002,Grocery,North,191,53,57,56,215.51,5,Cloudy,No,195.72,Summer
2024-05-02,101,1001,Grocery,East,181,72,72,73,352.51,0,Sunny,Yes,365.84,Summer
2024-05-02,101,1002,Electronics,East,144,47,71,47,458.45,5,Rainy,No,487.05,Summer
2024-05-02,102,1001,Electronics,North,192,53,74,53,439.03,20,Rainy,No,419.49,Summer
2024-05-02,102,1002,Electronics,West,214,53,85,60,336.82,20,Sunny,No,368.77,Summer
2024-05-02,103,1001,Clothing,East,188,60,70,56,183.1,10,Cloudy,No,191.87,Summer
2024-05-02,103,1002,Electronics,South,135,68,69,70,290.27,0,Sunny,Yes,312.47,Summer
2024-05-03,101,1001,Electronics,North,185,47,88,54,304.79,15,Sunny,No,313.61,Summer
2024-05-03,101,1002,Clothing,East,168,58,67,64,152.94,10,Sunny,Yes,148.86,Summer
2024-05-03,102,1001,Grocery,West,141,56,73,48,152.41,20,Rainy,Yes,150.11,Summer
2024-05-03,102,1002,Electronics,South,181,59,81,58,230.84,10,Rainy,Yes,237.02,Summer
2024-05-03,103,1001,Electronics,South,185,52,52,52,350.14,15,Rainy,No,326.21,Summer
2024-05-03,103,1002,Grocery,South,160,64,75,61,261.24,20,Sunny,No,281.71,Summer
2024-05-04,101,1001,Electronics,North,149,65,66,63,431.12,10,Cloudy,No,428.53,Summer
2024-05-04,101,1002,Clothing,North,169,50,81,46,300.4,5,Cloudy,No,296.64,Summer
2024-05-04,102,1001,Grocery,South,195,62,83,68,575.14,10,Sunny,Yes,584.51,Summer
2024-05-04,102,1002,Electronics,East,143,43,73,38,421.61,10,Rainy,No,436.87,Summer
2024-05-04,103,1001,Electronics,North,159,52,66,53,291.85,15,Cloudy,No,312.55,Summer
2024-05-04,103,1002,Electronics,East,176,76,56,72,413.99,5,Sunny,Yes,424.84,Summer
2024-05-05,101,1001,Clothing,North,195,60,76,54,535.53,10,Sunny,No,525.38,Summer
2024-05-05,101,1002,Clothing,North,184,80,66,77,387.7,0,Rainy,No,378.63,Summer
2024-05-05,102,1001,Clothing,South,206,62,59,55,456.11,20,Rainy,Yes,411.74,Summer
2024-05-05,102,1002,Clothing,North,207,58,53,64,526.45,10,Rainy,No,516.75,Summer
2024-05-05,103,1001,Electronics,South,188,69,45,70,154.14,15,Rainy,No,169.07,Summer
2024-05-05,103,1002,Electronics,South,199,51,45,53,487.12,10,Cloudy,No,502.1,Summer
2024-05-06,101,1001,Clothing,East,149,78,102,72,197.1,10,Rainy,No,193.16,Summer
2024-05-06,101,1002,Clothing,North,180,37,52,31,348.69,10,Rainy,No,331.79,Summer
2024-05-06,102,1001,Clothing,North,204,62,59,66,365.39,0,Sunny,No,335.25,Summer
2024-05-06,102,1002,Clothing,North,194,49,85,51,391.87,0,Sunny,No,406.02,Summer
2024-05-06,103,1001,Grocery,East,153,81,57,89,267.3,0,Sunny,No,249.6,Summer
2024-05-06,103,1002,Clothing,East,193,66,79,70,589.84,0,Cloudy,No,648.61,Summer
2024-05-07,101,1001,Grocery,South,200,83,63,86,585.97,15,Cloudy,No,567.89,Summer
2024-05-07,101,1002,Clothing,West,205,55,80,52,388.41,5,Cloudy,Yes,352.57,Summer
2024-05-07,102,1001,Grocery,South,198,55,68,58,163.94,20,Sunny,No,176.89,Summer
2024-05-07,102,1002,Electronics,East,149,47,70,47,490.86,5,Rainy,No,462.49,Summer
2024-05-07,103,1001,Clothing,North,197,47,91,41,283.95,20,Rainy,No,271.12,Summer
2024-05-07,103,1002,Clothing,North,161,56,64,49,432.33,10,Rainy,Yes,451.38,Summer
2024-05-08,101,1001,Clothing,East,187,52,71,59,519.49,5,Rainy,No,514.11,Summer
2024-05-08,101,1002,Electronics,South,149,69,79,68,362.95,5,Rainy,No,351.08,Summer
2024-05-08,102,1001,Grocery,East,236,46,57,45,519.74,10,Rainy,No,558.66,Summer
2024-05-08,102,1002,Clothing,North,190,68,77,74,515.35,10,Sunny,No,468.04,Summer
2024-05-08,103,1001,Clothing,South,225,54,74,48,362.22,15,Sunny,Yes,377.13,Summer
2024-05-08,103,1002,Electronics,North,186,53,80,45,311.26,15,Rainy,No,319.46,Summer
2024-05-09,101,1001,Grocery,South,171,59,61,52,208.45,0,Sunny,No,199.38,Summer
2024-05-09,101,1002,Electronics,East,222,36,76,37,316.38,20,Cloudy,Yes,298.27,Summer
2024-05-09,102,1001,Grocery,South,163,63,75,60,173.42,15,Sunny,No,176.4,Summer
2024-05-09,102,1002,Grocery,East,180,61,76,55,187.37,20,Sunny,No,198.89,Summer
2024-05-09,103,1001,Grocery,South,214,52,68,47,484.04,20,Rainy,No,529.9,Summer
2024-05-09,103,1002,Clothing,West,155,66,95,59,479.0,15,Rainy,No,458.88,Summer
2024-05-10,101,1001,Electronics,West,187,49,50,53,268.04,0,Cloudy,No,271.64,Summer
2024-05-10,101,1002,Electronics,North,153,71,109,67,289.76,20,Rainy,No,311.51,Summer
2024-05-10,102,1001,Clothing,East,141,38,70,34,159.99,10,Cloudy,No,161.08,Summer
2024-05-10,102,1002,Electronics,East,194,53,57,48,206.79,10,Rainy,No,215.97,Summer
2024-05-10,103,1001,Clothing,East,210,78,60,75,592.08,0,Sunny,Yes,635.69,Summer
2024-05-10,103,1002,Electronics,North,163,51,52,54,217.17,0,Rainy,No,196.31,Summer
2024-05-11,101,1001,Electronics,West,160,64,65,71,490.98,20,Cloudy,No,442.16,Summer
2024-05-11,101,1002,Grocery,East,215,54,62,62,207.17,0,Rainy,No,227.1,Summer
2024-05-11,102,1001,Electronics,South,214,50,74,56,282.8,5,Sunny,Yes,260.04,Summer
2024-05-11,102,1002,Clothing,East,172,52,81,46,411.74,10,Rainy,No,370.94,Summer
2024-05-11,103,1001,Clothing,North,131,63,59,59,195.79,5,Rainy,No,177.17,Summer
2024-05-11,103,1002,Electronics,East,136,56,56,52,311.96,20,Cloudy,No,330.11,Summer
2024-05-12,101,1001,Electronics,West,202,67,60,74,263.32,0,Rainy,Yes,276.93,Summer
2024-05-12,101,1002,Grocery,East,212,50,46,48,178.22,5,Cloudy,Yes,191.97,Summer
2024-05-12,102,1001,Clothing,South,191,47,52,47,161.31,10,Rainy,No,149.29,Summer
2024-05-12,102,1002,Grocery,West,187,64,79,67,379.68,5,Sunny,No,405.22,Summer
2024-05-12,103,1001,Grocery,South,196,48,69,54,206.11,0,Cloudy,No,202.75,Summer
2024-05-12,103,1002,Grocery,West,98,55,87,59,537.11,10,Cloudy,No,491.85,Summer
2024-05-13,101,1001,Clothing,East,129,66,56,73,466.92,20,Rainy,Yes,460.26,Summer
2024-05-13,101,1002,Electronics,South,184,68,54,63,573.43,10,Sunny,No,610.31,Summer
2024-05-13,102,1001,Clothing,South,185,44,77,51,515.02,15,Sunny,No,468.59,Summer
2024-05-13,102,1002,Clothing,North,183,59,87,62,525.02,10,Sunny,No,527.94,Summer
2024-05-13,103,1001,Electronics,North,202,77,73,85,428.26,10,Cloudy,No,449.12,Summer
2024-05-13,103,1002,Clothing,West,133,60,89,61,274.81,10,Cloudy,No,256.71,Summer
2024-05-14,101,1001,Electronics,West,190,70,69,73,466.39,20,Cloudy,No,491.27,Summer
2024-05-14,101,1002,Grocery,South,133,39,85,46,580.58,20,Cloudy,No,585.04,Summer
2024-05-14,102,1001,Clothing,East,174,42,34,34,304.83,15,Cloudy,No,332.58,Summer
2024-05-14,102,1002,Electronics,West,171,62,80,64,492.32,10,Rainy,No,532.48,Summer
2024-05-14,103,1001,Electronics,East,170,76,83,80,288.88,0,Rainy,No,263.69,Summer
2024-05-14,103,1002,Electronics,North,172,47,46,53,182.32,10,Sunny,No,173.57,Summer
2024-05-15,101,1001,Clothing,North,194,41,57,47,201.75,10,Sunny,No,211.39,Summer
2024-05-15,101,1002,Clothing,West,191,48,64,55,298.49,20,Sunny,No,306.77,Summer
2024-05-15,102,1001,Grocery,North,140,70,84,62,501.88,20,Sunny,Yes,493.8,Summer
2024-05-15,102,1002,Electronics,South,178,74,69,70,191.17,20,Rainy,Yes,203.03,Summer
2024-05-15,103,1001,Clothing,East,152,58,51,58,541.1,10,Rainy,No,558.97,Summer
2024-05-15,103,1002,Electronics,North,205,62,80,70,418.28,20,Cloudy,No,436.07,Summer
2024-05-16,101,1001,Grocery,East,209,46,68,42,223.25,15,Sunny,No,205.74,Summer
2024-05-16,101,1002,Electronics,East,228,69,68,64,326.25,20,Cloudy,Yes,329.97,Summer
2024-05-16,102,1001,Electronics,West,216,62,57,57,580.14,5,Sunny,Yes,621.83,Summer
2024-05-16,102,1002,Electronics,West,137,55,84,62,511.37,15,Cloudy,No,496.79,Summer
2024-05-16,103,1001,Electronics,North,183,60,49,60,226.74,0,Cloudy,No,207.66,Summer
2024-05-16,103,1002,Grocery,South,130,48,68,48,578.69,0,Cloudy,No,620.48,Summer
2024-05-17,101,1001,Electronics,East,167,62,62,56,548.26,0,Cloudy,No,577.08,Summer
2024-05-17,101,1002,Clothing,North,231,47,72,41,481.56,20,Cloudy,No,439.79,Summer
2024-05-17,102,1001,Grocery,East,137,45,69,46,545.73,0,Cloudy,No,561.04,Summer
2024-05-17,102,1002,Grocery,South,174,58,84,50,407.24,10,Rainy,No,374.47,Summer
2024-05-17,103,1001,Grocery,North,180,74,70,72,343.72,5,Sunny,No,376.61,Summer
2024-05-17,103,1002,Clothing,South,186,56,90,57,377.19,10,Cloudy,No,371.01,Summer
2024-05-18,101,1001,Grocery,West,225,85,40,92,191.01,15,Sunny,Yes,187.68,Summer
2024-05-18,101,1002,Clothing,South,191,59,48,52,348.34,15,Rainy,No,343.72,Summer
2024-05-18,102,1001,Clothing,East,177,54,114,55,155.88,20,Cloudy,Yes,142.28,Summer
2024-05-18,102,1002,Clothing,West,181,58,47,51,165.42,5,Sunny,No,153.64,Summer
2024-05-18,103,1001,Clothing,South,150,64,83,59,441.84,20,Sunny,No,455.83,Summer
2024-05-18,103,1002,Clothing,North,241,38,76,32,178.42,15,Sunny,No,172.1,Summer
2024-05-19,101,1001,Electronics,South,158,50,95,56,453.33,10,Rainy,No,446.67,Summer
2024-05-19,101,1002,Electronics,West,228,60,73,56,555.3,15,Sunny,No,580.47,Summer
2024-05-19,102,1001,Electronics,East,208,78,79,80,229.24,5,Rainy,No,209.98,Summer
2024-05-19,102,1002,Electronics,East,184,46,57,40,338.44,5,Sunny,Yes,311.62,Summer
2024-05-19,103,1001,Grocery,West,191,45,59,46,246.01,0,Cloudy,Yes,254.44,Summer
2024-05-19,103,1002,Electronics,North,203,53,70,55,511.85,0,Sunny,No,478.08,Summer
2024-05-20,101,1001,Electronics,North,157,49,38,46,206.87,5,Rainy,No,200.21,Summer
2024-05-20,101,1002,Grocery,East,206,76,50,82,362.29,20,Cloudy,Yes,374.48,Summer
2024-05-20,102,1001,Electronics,South,162,65,39,58,375.15,5,Sunny,No,374.6,Summer
2024-05-20,102,1002,Grocery,South,157,44,63,49,488.77,15,Sunny,No,455.08,Summer
2024-05-20,103,1001,Clothing,North,220,72,47,78,310.76,10,Rainy,No,339.85,Summer
2024-05-20,103,1002,Electronics,South,161,70,76,77,442.63,20,Sunny,No,403.82,Summer
2024-05-21,101,1001,Electronics,West,208,68,53,67,564.09,0,Sunny,No,534.97,Summer
2024-05-21,101,1002,Clothing,North,185,47,71,48,564.05,20,Sunny,No,557.37,Summer
2024-05-21,102,1001,Grocery,East,185,49,46,48,502.76,15,Rainy,No,472.68,Summer
2024-05-21,102,1002,Clothing,South,226,56,62,50,472.36,15,Sunny,No,478.04,Summer
2024-05-21,103,1001,Clothing,West,168,64,38,61,177.41,0,Rainy,No,194.46,Summer
2024-05-21,103,1002,Clothing,North,173,68,69,68,376.28,0,Cloudy,No,350.55,Summer
2024-05-22,101,1001,Grocery,South,125,66,75,69,399.18,5,Cloudy,No,428.92,Summer
2024-05-22,101,1002,Electronics,East,236,69,29,72,349.7,10,Cloudy,No,372.64,Summer
2024-05-22,102,1001,Clothing,South,151,63,52,65,327.17,15,Rainy,No,334.33,Summer
2024-05-22,102,1002,Clothing,West,162,63,73,62,325.17,5,Sunny,No,353.09,Summer
2024-05-22,103,1001,Clothing,South,169,69,76,76,329.35,5,Sunny,No,298.17,Summer
2024-05-22,103,1002,Clothing,East,144,41,74,42,533.93,15,Cloudy,No,481.78,Summer
2024-05-23,101,1001,Electronics,East,197,83,93,80,341.5,0,Sunny,No,325.47,Summer
2024-05-23,101,1002,Electronics,East,192,67,56,71,439.7,15,Sunny,No,451.79,Summer
2024-05-23,102,1001,Electronics,East,180,56,55,59,459.7,20,Sunny,No,476.23,Summer
2024-05-23,102,1002,Electronics,West,231,77,84,80,578.29,20,Sunny,No,525.93,Summer
2024-05-23,103,1001,Grocery,West,191,69,90,69,374.16,0,Rainy,No,386.09,Summer
2024-05-23,103,1002,Clothing,East,194,89,90,94,281.64,5,Cloudy,Yes,283.53,Summer
2024-05-24,101,1001,Grocery,South,180,76,56,74,306.7,5,Cloudy,No,303.89,Summer
2024-05-24,101,1002,Grocery,North,165,56,74,64,466.09,15,Rainy,No,510.47,Summer
2024-05-24,102,1001,Clothing,East,138,56,68,51,596.26,5,Rainy,No,655.55,Summer
2024-05-24,102,1002,Clothing,East,156,55,49,52,470.01,10,Sunny,No,492.74,Summer
2024-05-24,103,1001,Clothing,South,194,50,61,53,163.72,0,Sunny,No,161.19,Summer
2024-05-24,103,1002,Clothing,East,122,69,74,67,473.3,15,Cloudy,No,492.75,Summer
2024-05-25,101,1001,Grocery,North,196,69,64,73,212.2,20,Cloudy,No,209.36,Summer
2024-05-25,101,1002,Electronics,East,179,79,58,78,380.95,0,Cloudy,No,401.64,Summer
2024-05-25,102,1001,Electronics,North,182,45,66,52,281.08,0,Rainy,No,293.3,Summer
2024-05-25,102,1002,Clothing,West,181,57,80,55,257.51,0,Rainy,No,264.92,Summer
2024-05-25,103,1001,Grocery,North,188,40,49,38,552.78,0,Cloudy,No,563.96,Summer
2024-05-25,103,1002,Clothing,South,183,36,70,44,390.8,15,Rainy,No,394.88,Summer
2024-05-26,101,1001,Grocery,South,208,44,105,45,239.27,20,Sunny,No,235.01,Summer
2024-05-26,101,1002,Grocery,West,152,55,43,48,394.88,0,Rainy,Yes,394.57,Summer
2024-05-26,102,1001,Electronics,South,178,59,72,67,258.03,5,Rainy,No,249.44,Summer
2024-05-26,102,1002,Electronics,North,179,67,47,68,534.28,10,Sunny,No,527.7,Summer
2024-05-26,103,1001,Electronics,North,221,76,103,83,403.41,10,Cloudy,Yes,377.69,Summer
2024-05-26,103,1002,Electronics,North,168,73,99,77,150.02,20,Cloudy,No,151.66,Summer
2024-05-27,101,1001,Grocery,East,210,59,77,66,455.35,0,Cloudy,No,464.39,Summer
2024-05-27,101,1002,Clothing,West,198,54,69,59,375.5,10,Rainy,No,408.69,Summer
2024-05-27,102,1001,Grocery,South,163,58,83,57,505.45,15,Cloudy,No,484.36,Summer
2024-05-27,102,1002,Clothing,North,175,60,89,62,331.18,15,Sunny,No,306.18,Summer
2024-05-27,103,1001,Clothing,North,199,59,58,56,431.32,15,Rainy,No,448.46,Summer
2024-05-27,103,1002,Clothing,West,178,76,98,81,270.87,0,Cloudy,No,260.26,Summer
2024-05-28,101,1001,Clothing,East,208,51,60,50,208.37,20,Cloudy,No,194.98,Summer
2024-05-28,101,1002,Grocery,South,198,53,80,60,276.06,5,Rainy,No,290.33,Summer
2024-05-28,102,1001,Electronics,South,201,43,89,50,530.84,15,Rainy,No,562.18,Summer
2024-05-28,102,1002,Electronics,North,179,60,77,52,404.28,0,Rainy,No,440.13,Summer
2024-05-28,103,1001,Grocery,West,168,56,88,55,178.84,5,Rainy,Yes,173.52,Summer
2024-05-28,103,1002,Electronics,East,159,59,50,61,399.75,5,Cloudy,No,411.63,Summer
2024-05-29,101,1001,Grocery,East,197,49,74,43,232.05,0,Cloudy,Yes,250.83,Summer
2024-05-29,101,1002,Electronics,North,150,70,47,62,348.54,20,Sunny,No,325.83,Summer
2024-05-29,102,1001,Clothing,East,199,80,89,80,492.78,5,Sunny,No,482.55,Summer
2024-05-29,102,1002,Grocery,West,213,47,39,46,544.39,0,Sunny,No,580.92,Summer
2024-05-29,103,1001,Clothing,South,174,62,73,59,469.18,15,Cloudy,No,445.28,Summer
2024-05-29,103,1002,Clothing,South,154,83,101,81,236.3,20,Cloudy,No,256.27,Summer
2024-05-30,101,1001,Clothing,East,217,69,78,67,181.73,20,Sunny,No,177.3,Summer
2024-05-30,101,1002,Clothing,East,157,72,24,79,328.08,10,Cloudy,No,306.24,Summer
2024-05-30,102,1001,Electronics,North,167,42,48,39,189.09,0,Rainy,No,204.09,Summer
2024-05-30,102,1002,Clothing,South,211,61,79,58,525.36,20,Cloudy,No,576.24,Summer
2024-05-30,103,1001,Clothing,South,231,71,68,69,309.41,0,Sunny,No,314.12,Summer
2024-05-30,103,1002,Clothing,South,158,57,77,64,355.34,5,Cloudy,No,320.82,Summer
2024-05-31,101,1001,Electronics,West,230,75,74,82,235.02,15,Rainy,No,252.47,Summer
2024-05-31,101,1002,Electronics,West,149,62,89,63,447.81,15,Rainy,No,488.53,Summer
2024-05-31,102,1001,Electronics,West,184,33,98,25,243.14,10,Cloudy,No,232.44,Summer
2024-05-31,102,1002,Grocery,East,200,55,47,59,488.84,0,Sunny,No,488.97,Summer
2024-05-31,103,1001,Clothing,East,170,58,77,54,412.75,5,Rainy,No,414.13,Summer
2024-05-31,103,1002,Electronics,South,189,47,94,50,395.46,5,Cloudy,Yes,398.98,Summer
2024-06-01,101,1001,Grocery,North,181,50,83,52,259.34,20,Rainy,No,250.13,Monsoon
2024-06-01,101,1002,Grocery,North,195,77,72,81,550.87,15,Sunny,No,504.41,Monsoon
2024-06-01,102,1001,Clothing,West,194,57,65,59,435.41,0,Cloudy,Yes,410.19,Monsoon
2024-06-01,102,1002,Grocery,West,203,73,59,69,215.53,5,Cloudy,Yes,234.77,Monsoon
2024-06-01,103,1001,Electronics,South,213,69,85,70,273.81,5,Sunny,No,292.36,Monsoon
2024-06-01,103,1002,Grocery,West,142,65,77,68,154.81,5,Sunny,No,151.78,Monsoon
2024-06-02,101,1001,Grocery,South,166,58,88,66,263.52,10,Sunny,No,254.94,Monsoon
2024-06-02,101,1002,Grocery,South,162,48,68,43,310.03,20,Rainy,No,303.64,Monsoon
2024-06-02,102,1001,Clothing,West,145,51,37,53,329.33,0,Sunny,No,328.69,Monsoon
2024-06-02,102,1002,Clothing,South,206,59,63,54,372.08,5,Sunny,No,364.95,Monsoon
2024-06-02,103,1001,Electronics,South,178,65,76,62,224.33,15,Cloudy,No,243.08,Monsoon
2024-06-02,103,1002,Clothing,West,208,69,39,74,342.21,0,Sunny,No,365.72,Monsoon
2024-06-03,101,1001,Grocery,East,205,46,66,42,571.36,20,Rainy,No,536.3,Monsoon
2024-06-03,101,1002,Electronics,North,163,65,74,62,223.01,10,Cloudy,No,224.44,Monsoon
2024-06-03,102,1001,Clothing,South,180,67,98,73,575.23,15,Cloudy,No,582.16,Monsoon
2024-06-03,102,1002,Grocery,South,158,57,56,57,420.11,0,Sunny,No,426.74,Monsoon
2024-06-03,103,1001,Grocery,East,133,76,99,71,410.99,15,Cloudy,No,396.66,Monsoon
2024-06-03,103,1002,Clothing,South,170,61,72,66,518.94,20,Rainy,No,497.98,Monsoon
2024-06-04,101,1001,Grocery,East,170,73,69,77,293.58,20,Cloudy,No,307.88,Monsoon
2024-06-04,101,1002,Clothing,East,214,65,72,57,239.86,15,Sunny,No,262.21,Monsoon
2024-06-04,102,1001,Electronics,South,179,46,79,45,216.06,5,Sunny,No,197.63,Monsoon
2024-06-04,102,1002,Electronics,West,210,45,78,49,358.05,5,Rainy,Yes,346.36,Monsoon
2024-06-04,103,1001,Grocery,North,218,85,68,87,486.67,15,Rainy,No,508.72,Monsoon
2024-06-04,103,1002,Clothing,North,239,47,72,41,437.02,15,Sunny,No,453.45,Monsoon
2024-06-05,101,1001,Grocery,West,204,52,58,46,500.81,10,Cloudy,No,550.06,Monsoon
2024-06-05,101,1002,Clothing,North,188,56,50,56,150.87,0,Cloudy,No,142.26,Monsoon
2024-06-05,102,1001,Electronics,West,196,75,59,73,359.18,15,Cloudy,Yes,388.34,Monsoon
2024-06-05,102,1002,Electronics,North,177,74,61,74,190.14,10,Sunny,No,190.8,Monsoon
2024-06-05,103,1001,Grocery,West,192,92,73,86,568.66,0,Rainy,No,575.47,Monsoon
2024-06-05,103,1002,Clothing,North,197,67,82,68,417.19,5,Rainy,Yes,382.41,Monsoon
2024-06-06,101,1001,Electronics,South,170,68,43,74,436.37,5,Rainy,Yes,435.85,Monsoon
2024-06-06,101,1002,Grocery,West,176,60,91,63,329.1,0,Cloudy,No,306.89,Monsoon
2024-06-06,102,1001,Clothing,West,157,69,75,74,282.32,20,Sunny,No,258.87,Monsoon
2024-06-06,102,1002,Grocery,South,222,63,73,68,538.36,20,Cloudy,No,501.21,Monsoon
2024-06-06,103,1001,Grocery,South,209,60,49,64,279.66,10,Sunny,No,263.43,Monsoon
2024-06-06,103,1002,Grocery,North,160,56,72,58,474.3,5,Rainy,No,518.35,Monsoon
2024-06-07,101,1001,Grocery,West,156,68,48,66,232.82,20,Rainy,No,244.38,Monsoon
2024-06-07,101,1002,Electronics,East,144,50,75,50,168.72,15,Rainy,Yes,170.69,Monsoon
2024-06-07,102,1001,Grocery,South,198,57,79,54,489.4,0,Rainy,Yes,461.21,Monsoon
2024-06-07,102,1002,Electronics,North,178,56,63,60,541.46,0,Rainy,No,550.01,Monsoon
2024-06-07,103,1001,Clothing,West,206,76,59,68,196.37,5,Cloudy,No,207.64,Monsoon
2024-06-07,103,1002,Electronics,West,161,72,73,79,487.15,0,Sunny,No,463.13,Monsoon
2024-06-08,101,1001,Clothing,South,157,45,27,51,567.65,10,Rainy,Yes,550.56,Monsoon
2024-06-08,101,1002,Electronics,South,201,66,82,62,506.27,10,Sunny,No,542.47,Monsoon
2024-06-08,102,1001,Grocery,East,217,67,61,69,405.52,10,Cloudy,No,433.33,Monsoon
2024-06-08,102,1002,Grocery,East,121,49,60,44,410.77,15,Sunny,No,415.55,Monsoon
2024-06-08,103,1001,Electronics,North,154,45,40,46,368.28,15,Rainy,No,401.18,Monsoon
2024-06-08,103,1002,Clothing,East,146,53,62,48,230.95,10,Cloudy,No,251.24,Monsoon
2024-06-09,101,1001,Grocery,East,176,53,81,61,567.51,10,Cloudy,Yes,511.55,Monsoon
2024-06-09,101,1002,Clothing,South,170,72,66,73,229.67,15,Cloudy,Yes,248.61,Monsoon
2024-06-09,102,1001,Grocery,North,199,63,74,65,290.04,15,Rainy,No,269.2,Monsoon
2024-06-09,102,1002,Clothing,East,187,68,47,67,361.18,20,Cloudy,No,383.57,Monsoon
2024-06-09,103,1001,Clothing,North,177,70,80,63,303.46,5,Sunny,No,275.4,Monsoon
2024-06-09,103,1002,Electronics,West,143,30,76,36,353.75,15,Rainy,No,376.28,Monsoon
2024-06-10,101,1001,Clothing,North,164,56,71,49,348.97,10,Rainy,No,352.94,Monsoon
2024-06-10,101,1002,Grocery,West,178,46,102,51,337.25,0,Cloudy,Yes,347.38,Monsoon
2024-06-10,102,1001,Electronics,North,146,47,76,39,337.32,0,Sunny,No,344.53,Monsoon
2024-06-10,102,1002,Clothing,East,115,59,65,65,267.54,0,Rainy,Yes,254.85,Monsoon
2024-06-10,103,1001,Electronics,West,179,49,58,48,154.74,5,Cloudy,No,139.74,Monsoon
2024-06-10,103,1002,Electronics,South,158,62,99,62,348.06,0,Rainy,No,351.78,Monsoon
2024-06-11,101,1001,Clothing,West,167,59,67,64,552.35,5,Sunny,No,550.17,Monsoon
2024-06-11,101,1002,Electronics,West,177,68,50,75,173.9,15,Rainy,No,187.86,Monsoon
2024-06-11,102,1001,Clothing,North,210,62,62,69,383.46,0,Rainy,No,380.21,Monsoon
2024-06-11,102,1002,Electronics,East,151,88,70,88,364.03,10,Rainy,No,361.8,Monsoon
2024-06-11,103,1001,Clothing,East,129,38,85,46,319.18,15,Cloudy,No,298.15,Monsoon
2024-06-11,103,1002,Electronics,East,188,31,55,38,384.01,5,Sunny,No,396.85,Monsoon
2024-06-12,101,1001,Electronics,West,155,69,49,70,342.33,15,Cloudy,No,357.96,Monsoon
2024-06-12,101,1002,Grocery,North,200,65,20,73,299.05,5,Rainy,No,306.38,Monsoon
2024-06-12,102,1001,Electronics,West,131,65,74,59,257.23,20,Rainy,No,255.84,Monsoon
2024-06-12,102,1002,Electronics,North,205,52,94,44,267.79,15,Cloudy,No,265.21,Monsoon
2024-06-12,103,1001,Clothing,North,134,48,70,50,293.18,0,Rainy,No,321.57,Monsoon
2024-06-12,103,1002,Clothing,East,196,38,67,31,256.04,10,Sunny,No,265.26,Monsoon
2024-06-13,101,1001,Clothing,South,184,65,34,68,353.1,15,Cloudy,No,324.05,Monsoon
2024-06-13,101,1002,Grocery,West,179,51,82,59,523.58,0,Rainy,No,518.96,Monsoon
2024-06-13,102,1001,Grocery,South,209,69,63,66,547.4,15,Sunny,No,588.36,Monsoon
2024-06-13,102,1002,Clothing,East,169,62,68,60,482.32,10,Rainy,No,459.03,Monsoon
2024-06-13,103,1001,Electronics,North,186,65,74,68,589.39,0,Sunny,No,641.29,Monsoon
2024-06-13,103,1002,Electronics,South,219,57,38,49,235.86,20,Rainy,No,249.38,Monsoon
2024-06-14,101,1001,Clothing,East,203,52,43,56,190.05,5,Cloudy,No,208.99,Monsoon
2024-06-14,101,1002,Grocery,North,162,65,84,62,482.78,0,Rainy,No,528.65,Monsoon
2024-06-14,102,1001,Clothing,South,191,56,69,63,410.25,15,Sunny,No,375.16,Monsoon
2024-06-14,102,1002,Clothing,East,166,56,88,53,220.52,10,Sunny,Yes,215.24,Monsoon
2024-06-14,103,1001,Clothing,East,208,54,94,46,399.72,15,Cloudy,No,363.99,Monsoon
2024-06-14,103,1002,Grocery,North,198,78,60,71,504.86,5,Cloudy,No,473.98,Monsoon
2024-06-15,101,1001,Electronics,West,204,61,79,54,485.48,0,Sunny,No,496.03,Monsoon
2024-06-15,101,1002,Grocery,East,221,84,52,86,218.9,15,Rainy,Yes,234.88,Monsoon
2024-06-15,102,1001,Grocery,East,182,67,67,62,521.55,5,Cloudy,No,525.34,Monsoon
2024-06-15,102,1002,Grocery,South,176,55,43,56,297.32,0,Sunny,No,317.46,Monsoon
2024-06-15,103,1001,Clothing,North,234,54,66,52,344.84,15,Rainy,No,369.18,Monsoon
2024-06-15,103,1002,Grocery,South,161,68,93,73,364.19,0,Cloudy,No,391.91,Monsoon
2024-06-16,101,1001,Clothing,North,155,45,59,42,159.11,0,Sunny,No,174.19,Monsoon
2024-06-16,101,1002,Grocery,South,152,54,41,46,196.47,10,Rainy,No,209.85,Monsoon
2024-06-16,102,1001,Electronics,East,196,47,83,54,309.95,10,Cloudy,No,294.13,Monsoon
2024-06-16,102,1002,Electronics,East,143,59,85,60,161.51,0,Rainy,No,161.82,Monsoon
2024-06-16,103,1001,Electronics,East,221,57,89,52,161.86,0,Cloudy,No,159.65,Monsoon
2024-06-16,103,1002,Grocery,North,200,65,25,72,180.24,0,Cloudy,No,190.34,Monsoon
2024-06-17,101,1001,Grocery,West,150,45,86,49,467.67,10,Cloudy,Yes,498.22,Monsoon
2024-06-17,101,1002,Electronics,West,175,62,86,59,486.78,5,Rainy,No,470.29,Monsoon
2024-06-17,102,1001,Electronics,North,158,61,55,63,179.88,0,Rainy,No,196.18,Monsoon
2024-06-17,102,1002,Clothing,South,169,59,81,63,321.89,15,Cloudy,No,337.98,Monsoon
2024-06-17,103,1001,Clothing,South,180,48,63,47,581.21,5,Rainy,Yes,605.05,Monsoon
2024-06-17,103,1002,Grocery,East,174,69,87,76,263.2,5,Rainy,Yes,248.72,Monsoon
2024-06-18,101,1001,Clothing,West,137,55,83,52,520.68,0,Sunny,Yes,539.2,Monsoon
2024-06-18,101,1002,Clothing,North,148,64,68,61,251.23,15,Cloudy,No,251.01,Monsoon
2024-06-18,102,1001,Electronics,South,155,66,71,67,243.77,0,Cloudy,No,239.74,Monsoon
2024-06-18,102,1002,Electronics,North,206,52,51,58,488.34,10,Sunny,No,489.44,Monsoon
2024-06-18,103,1001,Clothing,East,174,57,49,56,407.86,15,Rainy,No,425.34,Monsoon
2024-06-18,103,1002,Electronics,South,179,48,59,53,427.78,20,Sunny,No,449.6,Monsoon
2024-06-19,101,1001,Grocery,South,202,49,83,48,265.33,5,Rainy,No,283.78,Monsoon
2024-06-19,101,1002,Clothing,South,185,62,87,58,420.01,15,Rainy,No,447.94,Monsoon
2024-06-19,102,1001,Grocery,North,203,71,97,71,443.17,5,Rainy,Yes,479.41,Monsoon
2024-06-19,102,1002,Clothing,East,164,61,60,59,156.29,15,Cloudy,No,159.35,Monsoon
2024-06-19,103,1001,Grocery,West,158,57,78,58,207.72,10,Cloudy,No,189.92,Monsoon
2024-06-19,103,1002,Clothing,North,175,54,68,50,524.75,5,Rainy,No,502.42,Monsoon
2024-06-20,101,1001,Electronics,West,164,49,53,50,270.53,5,Cloudy,No,253.06,Monsoon
2024-06-20,101,1002,Grocery,North,145,68,90,64,421.75,10,Sunny,No,445.04,Monsoon
2024-06-20,102,1001,Clothing,South,178,41,63,33,253.04,20,Cloudy,Yes,253.82,Monsoon
2024-06-20,102,1002,Electronics,North,202,54,55,55,400.99,20,Rainy,Yes,383.61,Monsoon
2024-06-20,103,1001,Grocery,South,179,52,57,60,414.4,0,Rainy,No,412.12,Monsoon
2024-06-20,103,1002,Electronics,West,165,49,96,52,549.94,20,Rainy,No,529.28,Monsoon
2024-06-21,101,1001,Electronics,South,175,36,91,41,254.52,10,Rainy,No,251.12,Monsoon
2024-06-21,101,1002,Grocery,South,216,46,56,38,228.02,0,Rainy,No,240.04,Monsoon
2024-06-21,102,1001,Grocery,West,161,56,66,59,285.43,10,Sunny,No,277.23,Monsoon
2024-06-21,102,1002,Electronics,West,158,53,57,55,435.96,20,Rainy,No,397.18,Monsoon
2024-06-21,103,1001,Electronics,North,228,60,71,65,239.84,10,Rainy,No,262.21,Monsoon
2024-06-21,103,1002,Electronics,West,203,74,72,80,363.86,5,Rainy,No,367.5,Monsoon
2024-06-22,101,1001,Clothing,North,209,74,87,76,507.12,20,Sunny,No,508.21,Monsoon
2024-06-22,101,1002,Grocery,West,127,59,90,67,202.21,0,Cloudy,No,183.55,Monsoon
2024-06-22,102,1001,Grocery,South,220,61,61,68,599.7,15,Sunny,No,593.67,Monsoon
2024-06-22,102,1002,Electronics,East,156,57,71,52,186.64,5,Rainy,No,187.15,Monsoon
2024-06-22,103,1001,Grocery,West,183,56,82,60,191.35,10,Sunny,No,191.14,Monsoon
2024-06-22,103,1002,Grocery,West,194,53,86,54,505.44,15,Sunny,Yes,520.36,Monsoon
2024-06-23,101,1001,Clothing,West,148,56,60,59,391.03,5,Rainy,No,388.3,Monsoon
2024-06-23,101,1002,Electronics,South,179,70,65,78,198.02,5,Cloudy,No,212.42,Monsoon
2024-06-23,102,1001,Grocery,West,166,45,64,43,175.24,15,Sunny,No,180.91,Monsoon
2024-06-23,102,1002,Grocery,East,152,77,52,85,577.13,10,Cloudy,No,632.73,Monsoon
2024-06-23,103,1001,Clothing,North,159,44,49,46,575.62,0,Rainy,No,613.73,Monsoon
2024-06-23,103,1002,Grocery,South,153,62,94,58,368.42,10,Rainy,No,338.4,Monsoon
2024-06-24,101,1001,Grocery,South,190,51,48,59,450.76,5,Cloudy,No,446.97,Monsoon
2024-06-24,101,1002,Electronics,South,224,38,79,38,402.5,15,Rainy,No,435.19,Monsoon
2024-06-24,102,1001,Electronics,North,153,62,81,61,532.15,15,Cloudy,No,577.56,Monsoon
2024-06-24,102,1002,Electronics,South,153,52,82,49,414.65,0,Cloudy,No,377.53,Monsoon
2024-06-24,103,1001,Grocery,South,191,61,75,63,380.71,20,Sunny,No,409.26,Monsoon
2024-06-24,103,1002,Clothing,East,185,69,78,70,163.98,5,Sunny,No,162.68,Monsoon
2024-06-25,101,1001,Electronics,South,185,46,89,49,272.81,10,Rainy,Yes,260.12,Monsoon
2024-06-25,101,1002,Grocery,West,192,58,103,61,498.89,10,Cloudy,Yes,543.03,Monsoon
2024-06-25,102,1001,Electronics,West,170,37,93,36,495.37,20,Sunny,No,458.92,Monsoon
2024-06-25,102,1002,Grocery,West,150,59,102,51,571.72,20,Sunny,No,524.72,Monsoon
2024-06-25,103,1001,Electronics,West,188,63,67,60,251.01,0,Cloudy,No,248.18,Monsoon
2024-06-25,103,1002,Clothing,North,221,55,74,59,518.62,15,Cloudy,No,530.86,Monsoon
2024-06-26,101,1001,Electronics,South,218,50,71,49,459.88,0,Rainy,No,463.25,Monsoon
2024-06-26,101,1002,Grocery,West,182,70,77,66,479.11,15,Rainy,No,524.08,Monsoon
2024-06-26,102,1001,Grocery,North,137,49,66,41,383.75,10,Cloudy,No,389.09,Monsoon
2024-06-26,102,1002,Clothing,West,220,60,72,56,201.67,20,Cloudy,No,182.9,Monsoon
2024-06-26,103,1001,Clothing,East,200,63,81,68,533.08,5,Rainy,No,539.82,Monsoon
2024-06-26,103,1002,Electronics,South,167,63,56,64,503.75,15,Rainy,Yes,520.95,Monsoon
2024-06-27,101,1001,Clothing,North,169,34,70,37,345.1,10,Cloudy,No,313.88,Monsoon
2024-06-27,101,1002,Electronics,East,201,56,72,50,492.81,0,Cloudy,Yes,526.65,Monsoon
2024-06-27,102,1001,Electronics,East,182,62,75,64,589.64,20,Rainy,No,637.46,Monsoon
2024-06-27,102,1002,Clothing,West,189,61,90,60,296.62,10,Rainy,No,307.64,Monsoon
2024-06-27,103,1001,Electronics,East,192,68,61,67,207.7,15,Sunny,No,226.02,Monsoon
2024-06-27,103,1002,Clothing,South,166,57,49,49,489.9,20,Cloudy,No,452.66,Monsoon
2024-06-28,101,1001,Electronics,North,167,69,65,76,450.57,10,Rainy,Yes,449.99,Monsoon
2024-06-28,101,1002,Clothing,East,153,58,83,62,528.89,20,Rainy,No,545.56,Monsoon
2024-06-28,102,1001,Grocery,East,210,62,69,64,394.71,10,Rainy,No,368.74,Monsoon
2024-06-28,102,1002,Clothing,South,147,54,65,51,363.47,20,Rainy,No,367.38,Monsoon
2024-06-28,103,1001,Electronics,West,187,66,65,58,314.7,10,Sunny,Yes,334.91,Monsoon
2024-06-28,103,1002,Clothing,North,129,68,78,74,417.21,15,Rainy,No,449.05,Monsoon
